,DATE,forecast
0,2025-03-06 01:00:00,0.01656952127814293
1,2025-03-06 02:00:00,0.016637645661830902
2,2025-03-06 03:00:00,0.016783874481916428
3,2025-03-06 04:00:00,0.016831079497933388
4,2025-03-06 05:00:00,0.01677529141306877
5,2025-03-06 06:00:00,0.0167744942009449
6,2025-03-06 07:00:00,0.016561849042773247
7,2025-03-06 08:00:00,0.016426730901002884
8,2025-03-06 09:00:00,0.01689177379012108
9,2025-03-06 10:00:00,0.016909383237361908
10,2025-03-06 11:00:00,0.01675759069621563
11,2025-03-06 12:00:00,0.016731368377804756
12,2025-03-06 13:00:00,0.016850179061293602
13,2025-03-06 14:00:00,0.016781054437160492
14,2025-03-06 15:00:00,0.016870716586709023
15,2025-03-06 16:00:00,0.017002619802951813
16,2025-03-06 17:00:00,0.016965903341770172
17,2025-03-06 18:00:00,0.01709679514169693
18,2025-03-06 19:00:00,0.01710858941078186
19,2025-03-06 20:00:00,0.01711183413863182
20,2025-03-06 21:00:00,0.0170673169195652
21,2025-03-06 22:00:00,0.01720365881919861
22,2025-03-06 23:00:00,0.017316624522209167
23,2025-03-07 00:00:00,0.01696946658194065
24,2025-03-07 01:00:00,0.01698414981365204
25,2025-03-07 02:00:00,0.017137600108981133
26,2025-03-07 03:00:00,0.016890056431293488
27,2025-03-07 04:00:00,0.01701005920767784
28,2025-03-07 05:00:00,0.01726555824279785
29,2025-03-07 06:00:00,0.017273014411330223
30,2025-03-07 07:00:00,0.017433343455195427
31,2025-03-07 08:00:00,0.017239823937416077
32,2025-03-07 09:00:00,0.017258768901228905
33,2025-03-07 10:00:00,0.01734599843621254
34,2025-03-07 11:00:00,0.017153147608041763
35,2025-03-07 12:00:00,0.017591718584299088
36,2025-03-07 13:00:00,0.017483845353126526
37,2025-03-07 14:00:00,0.017013125121593475
38,2025-03-07 15:00:00,0.017251117154955864
39,2025-03-07 16:00:00,0.017106972634792328
40,2025-03-07 17:00:00,0.01729671098291874
41,2025-03-07 18:00:00,0.017431272193789482
42,2025-03-07 19:00:00,0.017371565103530884
43,2025-03-07 20:00:00,0.017187204211950302
44,2025-03-07 21:00:00,0.017435401678085327
45,2025-03-07 22:00:00,0.017722636461257935
46,2025-03-07 23:00:00,0.017634723335504532
47,2025-03-08 00:00:00,0.017446640878915787
48,2025-03-08 01:00:00,0.01727674901485443
49,2025-03-08 02:00:00,0.017433971166610718
50,2025-03-08 03:00:00,0.017010677605867386
51,2025-03-08 04:00:00,0.017165841534733772
52,2025-03-08 05:00:00,0.01735253632068634
53,2025-03-08 06:00:00,0.017349019646644592
54,2025-03-08 07:00:00,0.017313772812485695
55,2025-03-08 08:00:00,0.01730389893054962
56,2025-03-08 09:00:00,0.017440268769860268
57,2025-03-08 10:00:00,0.017488524317741394
58,2025-03-08 11:00:00,0.017342235893011093
59,2025-03-08 12:00:00,0.017399907112121582
60,2025-03-08 13:00:00,0.017735157161951065
61,2025-03-08 14:00:00,0.01747024990618229
62,2025-03-08 15:00:00,0.01772131584584713
63,2025-03-08 16:00:00,0.017438407987356186
64,2025-03-08 17:00:00,0.017645420506596565
65,2025-03-08 18:00:00,0.01783326081931591
66,2025-03-08 19:00:00,0.01771540939807892
67,2025-03-08 20:00:00,0.0177870225161314
68,2025-03-08 21:00:00,0.017512455582618713
69,2025-03-08 22:00:00,0.017405318096280098
70,2025-03-08 23:00:00,0.01764204353094101
71,2025-03-09 00:00:00,0.017804834991693497
72,2025-03-09 01:00:00,0.018200770020484924
73,2025-03-09 02:00:00,0.018087688833475113
74,2025-03-09 03:00:00,0.01797720603644848
75,2025-03-09 04:00:00,0.017771653831005096
76,2025-03-09 05:00:00,0.018219266086816788
77,2025-03-09 06:00:00,0.01821938157081604
78,2025-03-09 07:00:00,0.01826043799519539
79,2025-03-09 08:00:00,0.017932705581188202
80,2025-03-09 09:00:00,0.017938222736120224
81,2025-03-09 10:00:00,0.017978409305214882
82,2025-03-09 11:00:00,0.017870275303721428
83,2025-03-09 12:00:00,0.018065081909298897
84,2025-03-09 13:00:00,0.01801753044128418
85,2025-03-09 14:00:00,0.018030431121587753
86,2025-03-09 15:00:00,0.017882447689771652
87,2025-03-09 16:00:00,0.017901217564940453
88,2025-03-09 17:00:00,0.018293946981430054
89,2025-03-09 18:00:00,0.018499672412872314
90,2025-03-09 19:00:00,0.01842021569609642
91,2025-03-09 20:00:00,0.018247034400701523
92,2025-03-09 21:00:00,0.01821047067642212
93,2025-03-09 22:00:00,0.01819153130054474
94,2025-03-09 23:00:00,0.018237484619021416
95,2025-03-10 00:00:00,0.018448151648044586
96,2025-03-10 01:00:00,0.018189530819654465
97,2025-03-10 02:00:00,0.018300291150808334
98,2025-03-10 03:00:00,0.018212415277957916
99,2025-03-10 04:00:00,0.018474876880645752
100,2025-03-10 05:00:00,0.017731402069330215
101,2025-03-10 06:00:00,0.018264837563037872
102,2025-03-10 07:00:00,0.018434815108776093
103,2025-03-10 08:00:00,0.018242742866277695
104,2025-03-10 09:00:00,0.018339447677135468
105,2025-03-10 10:00:00,0.018210656940937042
106,2025-03-10 11:00:00,0.01831257902085781
107,2025-03-10 12:00:00,0.017531970515847206
108,2025-03-10 13:00:00,0.01771344058215618
109,2025-03-10 14:00:00,0.01761757582426071
110,2025-03-10 15:00:00,0.017756043002009392
111,2025-03-10 16:00:00,0.017843184992671013
112,2025-03-10 17:00:00,0.01769382134079933
113,2025-03-10 18:00:00,0.017588550224900246
114,2025-03-10 19:00:00,0.018146052956581116
115,2025-03-10 20:00:00,0.01763700321316719
116,2025-03-10 21:00:00,0.017744287848472595
117,2025-03-10 22:00:00,0.017903804779052734
118,2025-03-10 23:00:00,0.017767075449228287
119,2025-03-11 00:00:00,0.0178900845348835
120,2025-03-11 01:00:00,0.018178267404437065
121,2025-03-11 02:00:00,0.01787937805056572
122,2025-03-11 03:00:00,0.017901692539453506
123,2025-03-11 04:00:00,0.0180064607411623
124,2025-03-11 05:00:00,0.018202349543571472
125,2025-03-11 06:00:00,0.01798960007727146
126,2025-03-11 07:00:00,0.01810332201421261
127,2025-03-11 08:00:00,0.01785305328667164
128,2025-03-11 09:00:00,0.01747487485408783
129,2025-03-11 10:00:00,0.01755983941257
130,2025-03-11 11:00:00,0.017294520512223244
131,2025-03-11 12:00:00,0.01741560734808445
132,2025-03-11 13:00:00,0.01753132976591587
133,2025-03-11 14:00:00,0.01725165918469429
134,2025-03-11 15:00:00,0.01734561286866665
135,2025-03-11 16:00:00,0.01758144237101078
136,2025-03-11 17:00:00,0.017640767619013786
137,2025-03-11 18:00:00,0.017487525939941406
138,2025-03-11 19:00:00,0.017674429342150688
139,2025-03-11 20:00:00,0.018025610595941544
140,2025-03-11 21:00:00,0.01781298965215683
141,2025-03-11 22:00:00,0.017694640904664993
142,2025-03-11 23:00:00,0.018069781363010406
143,2025-03-12 00:00:00,0.01796553283929825
144,2025-03-12 01:00:00,0.01831059902906418
145,2025-03-12 02:00:00,0.01820920594036579
146,2025-03-12 03:00:00,0.018777664750814438
147,2025-03-12 04:00:00,0.018374508246779442
148,2025-03-12 05:00:00,0.018306761980056763
149,2025-03-12 06:00:00,0.0182101558893919
150,2025-03-12 07:00:00,0.018561242148280144
151,2025-03-12 08:00:00,0.018593601882457733
152,2025-03-12 09:00:00,0.01884693279862404
153,2025-03-12 10:00:00,0.018979061394929886
154,2025-03-12 11:00:00,0.019191622734069824
155,2025-03-12 12:00:00,0.01907358132302761
156,2025-03-12 13:00:00,0.01904347911477089
157,2025-03-12 14:00:00,0.019222069531679153
158,2025-03-12 15:00:00,0.019535716623067856
159,2025-03-12 16:00:00,0.019295712932944298
160,2025-03-12 17:00:00,0.018664970993995667
161,2025-03-12 18:00:00,0.018481267616152763
162,2025-03-12 19:00:00,0.018934188410639763
163,2025-03-12 20:00:00,0.019022127613425255
164,2025-03-12 21:00:00,0.018964022397994995
165,2025-03-12 22:00:00,0.019067004323005676
166,2025-03-12 23:00:00,0.018913421779870987
167,2025-03-13 00:00:00,0.018482495099306107
168,2025-03-13 01:00:00,0.018579773604869843
169,2025-03-13 02:00:00,0.018608661368489265
170,2025-03-13 03:00:00,0.018563203513622284
171,2025-03-13 04:00:00,0.01841500774025917
172,2025-03-13 05:00:00,0.01852221041917801
173,2025-03-13 06:00:00,0.018546126782894135
174,2025-03-13 07:00:00,0.018180733546614647
175,2025-03-13 08:00:00,0.018698593601584435
176,2025-03-13 09:00:00,0.018655981868505478
177,2025-03-13 10:00:00,0.018773775547742844
178,2025-03-13 11:00:00,0.019084762781858444
179,2025-03-13 12:00:00,0.018878670409321785
180,2025-03-13 13:00:00,0.01896507479250431
181,2025-03-13 14:00:00,0.018929336220026016
182,2025-03-13 15:00:00,0.019007235765457153
183,2025-03-13 16:00:00,0.01893729157745838
184,2025-03-13 17:00:00,0.019013255834579468
185,2025-03-13 18:00:00,0.018939213827252388
186,2025-03-13 19:00:00,0.01900692842900753
187,2025-03-13 20:00:00,0.018971096724271774
188,2025-03-13 21:00:00,0.018938612192869186
189,2025-03-13 22:00:00,0.0189902875572443
190,2025-03-13 23:00:00,0.018986700102686882
191,2025-03-14 00:00:00,0.019113952293992043
192,2025-03-14 01:00:00,0.01910616084933281
193,2025-03-14 02:00:00,0.018831700086593628
194,2025-03-14 03:00:00,0.019010933116078377
195,2025-03-14 04:00:00,0.01890990138053894
196,2025-03-14 05:00:00,0.018686870113015175
197,2025-03-14 06:00:00,0.018582897260785103
198,2025-03-14 07:00:00,0.018853619694709778
199,2025-03-14 08:00:00,0.018822845071554184
200,2025-03-14 09:00:00,0.019196975976228714
201,2025-03-14 10:00:00,0.0191469956189394
202,2025-03-14 11:00:00,0.01900479942560196
203,2025-03-14 12:00:00,0.019208282232284546
204,2025-03-14 13:00:00,0.019450321793556213
205,2025-03-14 14:00:00,0.01952577941119671
206,2025-03-14 15:00:00,0.018990959972143173
207,2025-03-14 16:00:00,0.019775861874222755
208,2025-03-14 17:00:00,0.01953980326652527
209,2025-03-14 18:00:00,0.019594427198171616
210,2025-03-14 19:00:00,0.019536413252353668
211,2025-03-14 20:00:00,0.01953115500509739
212,2025-03-14 21:00:00,0.019594721496105194
213,2025-03-14 22:00:00,0.019698940217494965
214,2025-03-14 23:00:00,0.019797954708337784
215,2025-03-15 00:00:00,0.01972108893096447
216,2025-03-15 01:00:00,0.01975930482149124
217,2025-03-15 02:00:00,0.01957768201828003
218,2025-03-15 03:00:00,0.019420044496655464
219,2025-03-15 04:00:00,0.01973978988826275
220,2025-03-15 05:00:00,0.01961377263069153
221,2025-03-15 06:00:00,0.01953214406967163
222,2025-03-15 07:00:00,0.019619418308138847
223,2025-03-15 08:00:00,0.01969112828373909
224,2025-03-15 09:00:00,0.01982959173619747
225,2025-03-15 10:00:00,0.019497841596603394
226,2025-03-15 11:00:00,0.019824514165520668
227,2025-03-15 12:00:00,0.019948115572333336
228,2025-03-15 13:00:00,0.020010029897093773
229,2025-03-15 14:00:00,0.019789693877100945
230,2025-03-15 15:00:00,0.02008456364274025
231,2025-03-15 16:00:00,0.020080070942640305
232,2025-03-15 17:00:00,0.02007591724395752
233,2025-03-15 18:00:00,0.019744817167520523
234,2025-03-15 19:00:00,0.019419163465499878
235,2025-03-15 20:00:00,0.019734535366296768
236,2025-03-15 21:00:00,0.019653353840112686
237,2025-03-15 22:00:00,0.019590305164456367
238,2025-03-15 23:00:00,0.019534360617399216
239,2025-03-16 00:00:00,0.019019417464733124
240,2025-03-16 01:00:00,0.018916113302111626
241,2025-03-16 02:00:00,0.019097913056612015
242,2025-03-16 03:00:00,0.019059864804148674
243,2025-03-16 04:00:00,0.019295692443847656
244,2025-03-16 05:00:00,0.019047051668167114
245,2025-03-16 06:00:00,0.01894466020166874
246,2025-03-16 07:00:00,0.018877219408750534
247,2025-03-16 08:00:00,0.01899263635277748
248,2025-03-16 09:00:00,0.018628019839525223
249,2025-03-16 10:00:00,0.019064180552959442
250,2025-03-16 11:00:00,0.019196178764104843
251,2025-03-16 12:00:00,0.019041122868657112
252,2025-03-16 13:00:00,0.01918763667345047
253,2025-03-16 14:00:00,0.01894075982272625
254,2025-03-16 15:00:00,0.018541326746344566
255,2025-03-16 16:00:00,0.018658863380551338
256,2025-03-16 17:00:00,0.018810313194990158
257,2025-03-16 18:00:00,0.018745653331279755
258,2025-03-16 19:00:00,0.01876087300479412
259,2025-03-16 20:00:00,0.01869267225265503
260,2025-03-16 21:00:00,0.01869455724954605
261,2025-03-16 22:00:00,0.018615536391735077
262,2025-03-16 23:00:00,0.018643703311681747
263,2025-03-17 00:00:00,0.01856481283903122
264,2025-03-17 01:00:00,0.019079871475696564
265,2025-03-17 02:00:00,0.018902402371168137
266,2025-03-17 03:00:00,0.018878789618611336
267,2025-03-17 04:00:00,0.018840141594409943
268,2025-03-17 05:00:00,0.01889912039041519
269,2025-03-17 06:00:00,0.018739350140094757
270,2025-03-17 07:00:00,0.018829189240932465
271,2025-03-17 08:00:00,0.019103024154901505
272,2025-03-17 09:00:00,0.018954280763864517
273,2025-03-17 10:00:00,0.018869444727897644
274,2025-03-17 11:00:00,0.01888488419353962
275,2025-03-17 12:00:00,0.018859930336475372
276,2025-03-17 13:00:00,0.01911122165620327
277,2025-03-17 14:00:00,0.01911858655512333
278,2025-03-17 15:00:00,0.019448986276984215
279,2025-03-17 16:00:00,0.019389620050787926
280,2025-03-17 17:00:00,0.019071627408266068
281,2025-03-17 18:00:00,0.019186366349458694
282,2025-03-17 19:00:00,0.019317861646413803
283,2025-03-17 20:00:00,0.01989854872226715
284,2025-03-17 21:00:00,0.019870713353157043
285,2025-03-17 22:00:00,0.019784163683652878
286,2025-03-17 23:00:00,0.019781729206442833
287,2025-03-18 00:00:00,0.01959371753036976
288,2025-03-18 01:00:00,0.019737059250473976
289,2025-03-18 02:00:00,0.019771331921219826
290,2025-03-18 03:00:00,0.020057478919625282
291,2025-03-18 04:00:00,0.01981746219098568
292,2025-03-18 05:00:00,0.02018430083990097
293,2025-03-18 06:00:00,0.020124144852161407
294,2025-03-18 07:00:00,0.019658712670207024
295,2025-03-18 08:00:00,0.019799645990133286
296,2025-03-18 09:00:00,0.01970786415040493
297,2025-03-18 10:00:00,0.019581280648708344
298,2025-03-18 11:00:00,0.019603516906499863
299,2025-03-18 12:00:00,0.019810285419225693
300,2025-03-18 13:00:00,0.019924988970160484
301,2025-03-18 14:00:00,0.019558226689696312
302,2025-03-18 15:00:00,0.019736215472221375
303,2025-03-18 16:00:00,0.01983272284269333
304,2025-03-18 17:00:00,0.01980949193239212
305,2025-03-18 18:00:00,0.020009472966194153
306,2025-03-18 19:00:00,0.020216481760144234
307,2025-03-18 20:00:00,0.02039184421300888
308,2025-03-18 21:00:00,0.02043256349861622
309,2025-03-18 22:00:00,0.019682807847857475
310,2025-03-18 23:00:00,0.019988570362329483
311,2025-03-19 00:00:00,0.0195169597864151
312,2025-03-19 01:00:00,0.019604364410042763
313,2025-03-19 02:00:00,0.019496098160743713
314,2025-03-19 03:00:00,0.019875843077898026
315,2025-03-19 04:00:00,0.01968870684504509
316,2025-03-19 05:00:00,0.019596433266997337
317,2025-03-19 06:00:00,0.01962968334555626
318,2025-03-19 07:00:00,0.01940329745411873
319,2025-03-19 08:00:00,0.01960795558989048
320,2025-03-19 09:00:00,0.019711822271347046
321,2025-03-19 10:00:00,0.0195334292948246
322,2025-03-19 11:00:00,0.01966235786676407
323,2025-03-19 12:00:00,0.019509635865688324
324,2025-03-19 13:00:00,0.019779756665229797
325,2025-03-19 14:00:00,0.019412295892834663
326,2025-03-19 15:00:00,0.019472328945994377
327,2025-03-19 16:00:00,0.019648348912596703
328,2025-03-19 17:00:00,0.019383292645215988
329,2025-03-19 18:00:00,0.019315537065267563
330,2025-03-19 19:00:00,0.01984945870935917
331,2025-03-19 20:00:00,0.019407615065574646
332,2025-03-19 21:00:00,0.01931091770529747
333,2025-03-19 22:00:00,0.019457994028925896
334,2025-03-19 23:00:00,0.01959763653576374
335,2025-03-20 00:00:00,0.01943107694387436
336,2025-03-20 01:00:00,0.018747225403785706
337,2025-03-20 02:00:00,0.019196532666683197
338,2025-03-20 03:00:00,0.01920263282954693
339,2025-03-20 04:00:00,0.01954071596264839
340,2025-03-20 05:00:00,0.018956370651721954
341,2025-03-20 06:00:00,0.019068721681833267
342,2025-03-20 07:00:00,0.019095640629529953
343,2025-03-20 08:00:00,0.019083354622125626
344,2025-03-20 09:00:00,0.01921835169196129
345,2025-03-20 10:00:00,0.019430633634328842
346,2025-03-20 11:00:00,0.019404739141464233
347,2025-03-20 12:00:00,0.019350621849298477
348,2025-03-20 13:00:00,0.01920214481651783
349,2025-03-20 14:00:00,0.019558075815439224
350,2025-03-20 15:00:00,0.019326534122228622
351,2025-03-20 16:00:00,0.01957116462290287
352,2025-03-20 17:00:00,0.01915079914033413
353,2025-03-20 18:00:00,0.019157135859131813
354,2025-03-20 19:00:00,0.019426822662353516
355,2025-03-20 20:00:00,0.019407568499445915
356,2025-03-20 21:00:00,0.019653281196951866
357,2025-03-20 22:00:00,0.019383635371923447
358,2025-03-20 23:00:00,0.019567346200346947
359,2025-03-21 00:00:00,0.01913221925497055
360,2025-03-21 01:00:00,0.019673321396112442
361,2025-03-21 02:00:00,0.019670940935611725
362,2025-03-21 03:00:00,0.019696500152349472
363,2025-03-21 04:00:00,0.019314341247081757
364,2025-03-21 05:00:00,0.02005225606262684
365,2025-03-21 06:00:00,0.01966247521340847
366,2025-03-21 07:00:00,0.01932288333773613
367,2025-03-21 08:00:00,0.019549421966075897
368,2025-03-21 09:00:00,0.019940543919801712
369,2025-03-21 10:00:00,0.019772207364439964
370,2025-03-21 11:00:00,0.01969938911497593
371,2025-03-21 12:00:00,0.01975143700838089
372,2025-03-21 13:00:00,0.0196376945823431
373,2025-03-21 14:00:00,0.019496671855449677
374,2025-03-21 15:00:00,0.01939687319099903
375,2025-03-21 16:00:00,0.019275883212685585
376,2025-03-21 17:00:00,0.019314080476760864
377,2025-03-21 18:00:00,0.019331421703100204
378,2025-03-21 19:00:00,0.01990624889731407
379,2025-03-21 20:00:00,0.019746070727705956
380,2025-03-21 21:00:00,0.019933003932237625
381,2025-03-21 22:00:00,0.019726689904928207
382,2025-03-21 23:00:00,0.019780240952968597
383,2025-03-22 00:00:00,0.0197540782392025
384,2025-03-22 01:00:00,0.019645769149065018
385,2025-03-22 02:00:00,0.019081413745880127
386,2025-03-22 03:00:00,0.01942259818315506
387,2025-03-22 04:00:00,0.019063305109739304
388,2025-03-22 05:00:00,0.01934206113219261
389,2025-03-22 06:00:00,0.018924295902252197
390,2025-03-22 07:00:00,0.019367050379514694
391,2025-03-22 08:00:00,0.019168738275766373
392,2025-03-22 09:00:00,0.018666643649339676
393,2025-03-22 10:00:00,0.019390178844332695
394,2025-03-22 11:00:00,0.019189583137631416
395,2025-03-22 12:00:00,0.019104719161987305
396,2025-03-22 13:00:00,0.01963864080607891
397,2025-03-22 14:00:00,0.019390475004911423
398,2025-03-22 15:00:00,0.019819319248199463
399,2025-03-22 16:00:00,0.019466213881969452
400,2025-03-22 17:00:00,0.019644031301140785
401,2025-03-22 18:00:00,0.01956316828727722
402,2025-03-22 19:00:00,0.020031223073601723
403,2025-03-22 20:00:00,0.020286759361624718
404,2025-03-22 21:00:00,0.019723642617464066
405,2025-03-22 22:00:00,0.020191960036754608
406,2025-03-22 23:00:00,0.019838616251945496
407,2025-03-23 00:00:00,0.019714772701263428
408,2025-03-23 01:00:00,0.019940700381994247
409,2025-03-23 02:00:00,0.02032255381345749
410,2025-03-23 03:00:00,0.019715435802936554
411,2025-03-23 04:00:00,0.019868718460202217
412,2025-03-23 05:00:00,0.019616011530160904
413,2025-03-23 06:00:00,0.019767358899116516
414,2025-03-23 07:00:00,0.01968963071703911
415,2025-03-23 08:00:00,0.019656172022223473
416,2025-03-23 09:00:00,0.019709143787622452
417,2025-03-23 10:00:00,0.019723303616046906
418,2025-03-23 11:00:00,0.02030295878648758
419,2025-03-23 12:00:00,0.019759289920330048
420,2025-03-23 13:00:00,0.019839806482195854
421,2025-03-23 14:00:00,0.019732307642698288
422,2025-03-23 15:00:00,0.019958864897489548
423,2025-03-23 16:00:00,0.019692815840244293
424,2025-03-23 17:00:00,0.019775034859776497
425,2025-03-23 18:00:00,0.01992396079003811
426,2025-03-23 19:00:00,0.019996538758277893
427,2025-03-23 20:00:00,0.02012893557548523
428,2025-03-23 21:00:00,0.020000137388706207
429,2025-03-23 22:00:00,0.020363125950098038
430,2025-03-23 23:00:00,0.02029818296432495
431,2025-03-24 00:00:00,0.020372780039906502
432,2025-03-24 01:00:00,0.02073340117931366
433,2025-03-24 02:00:00,0.01999843493103981
434,2025-03-24 03:00:00,0.02048669196665287
435,2025-03-24 04:00:00,0.01998332515358925
436,2025-03-24 05:00:00,0.020164165645837784
437,2025-03-24 06:00:00,0.020074371248483658
438,2025-03-24 07:00:00,0.020230520516633987
439,2025-03-24 08:00:00,0.02034318819642067
440,2025-03-24 09:00:00,0.020212747156620026
441,2025-03-24 10:00:00,0.020118745043873787
442,2025-03-24 11:00:00,0.02029348537325859
443,2025-03-24 12:00:00,0.02037341147661209
444,2025-03-24 13:00:00,0.020477399230003357
445,2025-03-24 14:00:00,0.020174233242869377
446,2025-03-24 15:00:00,0.019853908568620682
447,2025-03-24 16:00:00,0.019991405308246613
448,2025-03-24 17:00:00,0.019963450729846954
449,2025-03-24 18:00:00,0.020110297948122025
450,2025-03-24 19:00:00,0.020016763359308243
451,2025-03-24 20:00:00,0.01991862803697586
452,2025-03-24 21:00:00,0.01993020437657833
453,2025-03-24 22:00:00,0.020216289907693863
454,2025-03-24 23:00:00,0.019965020939707756
455,2025-03-25 00:00:00,0.01996403932571411
456,2025-03-25 01:00:00,0.019903438165783882
457,2025-03-25 02:00:00,0.019790738821029663
458,2025-03-25 03:00:00,0.020142965018749237
459,2025-03-25 04:00:00,0.020015046000480652
460,2025-03-25 05:00:00,0.02033872716128826
461,2025-03-25 06:00:00,0.020113440230488777
462,2025-03-25 07:00:00,0.019889118149876595
463,2025-03-25 08:00:00,0.020197570323944092
464,2025-03-25 09:00:00,0.01989513635635376
465,2025-03-25 10:00:00,0.019679013639688492
466,2025-03-25 11:00:00,0.01974346488714218
467,2025-03-25 12:00:00,0.019664868712425232
468,2025-03-25 13:00:00,0.01959674432873726
469,2025-03-25 14:00:00,0.01952863670885563
470,2025-03-25 15:00:00,0.019914492964744568
471,2025-03-25 16:00:00,0.01980135217308998
472,2025-03-25 17:00:00,0.020000675693154335
473,2025-03-25 18:00:00,0.01991887390613556
474,2025-03-25 19:00:00,0.01991458795964718
475,2025-03-25 20:00:00,0.01977837085723877
476,2025-03-25 21:00:00,0.019962916150689125
477,2025-03-25 22:00:00,0.020024966448545456
478,2025-03-25 23:00:00,0.020131833851337433
479,2025-03-26 00:00:00,0.02062893658876419
480,2025-03-26 01:00:00,0.02032957598567009
481,2025-03-26 02:00:00,0.020217202603816986
482,2025-03-26 03:00:00,0.020375248044729233
483,2025-03-26 04:00:00,0.019534558057785034
484,2025-03-26 05:00:00,0.02024037577211857
485,2025-03-26 06:00:00,0.019777808338403702
486,2025-03-26 07:00:00,0.020226679742336273
487,2025-03-26 08:00:00,0.020126625895500183
488,2025-03-26 09:00:00,0.019956272095441818
489,2025-03-26 10:00:00,0.02035394310951233
490,2025-03-26 11:00:00,0.020203538239002228
491,2025-03-26 12:00:00,0.019948532804846764
492,2025-03-26 13:00:00,0.02016536332666874
493,2025-03-26 14:00:00,0.01999027281999588
494,2025-03-26 15:00:00,0.01999809592962265
495,2025-03-26 16:00:00,0.02006557583808899
496,2025-03-26 17:00:00,0.020411789417266846
497,2025-03-26 18:00:00,0.02048744075000286
498,2025-03-26 19:00:00,0.02045900747179985
499,2025-03-26 20:00:00,0.020115818828344345
500,2025-03-26 21:00:00,0.020410612225532532
501,2025-03-26 22:00:00,0.020295850932598114
502,2025-03-26 23:00:00,0.02038602903485298
503,2025-03-27 00:00:00,0.02053234353661537
504,2025-03-27 01:00:00,0.020375043153762817
505,2025-03-27 02:00:00,0.020021695643663406
506,2025-03-27 03:00:00,0.020329419523477554
507,2025-03-27 04:00:00,0.020106177777051926
508,2025-03-27 05:00:00,0.02001185715198517
509,2025-03-27 06:00:00,0.02033870294690132
510,2025-03-27 07:00:00,0.019736936315894127
511,2025-03-27 08:00:00,0.020180605351924896
512,2025-03-27 09:00:00,0.02002343349158764
513,2025-03-27 10:00:00,0.01998741924762726
514,2025-03-27 11:00:00,0.020116060972213745
515,2025-03-27 12:00:00,0.02018609270453453
516,2025-03-27 13:00:00,0.019858449697494507
517,2025-03-27 14:00:00,0.019720951095223427
518,2025-03-27 15:00:00,0.019757449626922607
519,2025-03-27 16:00:00,0.01985344849526882
520,2025-03-27 17:00:00,0.020044125616550446
521,2025-03-27 18:00:00,0.02016933634877205
522,2025-03-27 19:00:00,0.0206568893045187
523,2025-03-27 20:00:00,0.020180288702249527
524,2025-03-27 21:00:00,0.01990257017314434
525,2025-03-27 22:00:00,0.02015550807118416
526,2025-03-27 23:00:00,0.020026903599500656
527,2025-03-28 00:00:00,0.020104655995965004
528,2025-03-28 01:00:00,0.020251194015145302
529,2025-03-28 02:00:00,0.020327936857938766
530,2025-03-28 03:00:00,0.019796807318925858
531,2025-03-28 04:00:00,0.01977965608239174
532,2025-03-28 05:00:00,0.01993691921234131
533,2025-03-28 06:00:00,0.019983842968940735
534,2025-03-28 07:00:00,0.01973087713122368
535,2025-03-28 08:00:00,0.019885830581188202
536,2025-03-28 09:00:00,0.019718367606401443
537,2025-03-28 10:00:00,0.01964600943028927
538,2025-03-28 11:00:00,0.019507834687829018
539,2025-03-28 12:00:00,0.019473973661661148
540,2025-03-28 13:00:00,0.01956985518336296
541,2025-03-28 14:00:00,0.019677937030792236
542,2025-03-28 15:00:00,0.019782356917858124
543,2025-03-28 16:00:00,0.019932664930820465
544,2025-03-28 17:00:00,0.02000533603131771
545,2025-03-28 18:00:00,0.020081810653209686
546,2025-03-28 19:00:00,0.019848594442009926
547,2025-03-28 20:00:00,0.019740350544452667
548,2025-03-28 21:00:00,0.019770946353673935
549,2025-03-28 22:00:00,0.019134026020765305
550,2025-03-28 23:00:00,0.019225947558879852
551,2025-03-29 00:00:00,0.019696326926350594
552,2025-03-29 01:00:00,0.019662201404571533
553,2025-03-29 02:00:00,0.019523024559020996
554,2025-03-29 03:00:00,0.01962449960410595
555,2025-03-29 04:00:00,0.019527554512023926
556,2025-03-29 05:00:00,0.019397331401705742
557,2025-03-29 06:00:00,0.019420888274908066
558,2025-03-29 07:00:00,0.019413823261857033
559,2025-03-29 08:00:00,0.019037706777453423
560,2025-03-29 09:00:00,0.019034195691347122
561,2025-03-29 10:00:00,0.01918521150946617
562,2025-03-29 11:00:00,0.019104698672890663
563,2025-03-29 12:00:00,0.019215326756238937
564,2025-03-29 13:00:00,0.019222442060709
565,2025-03-29 14:00:00,0.01936374045908451
566,2025-03-29 15:00:00,0.019203275442123413
567,2025-03-29 16:00:00,0.01886414922773838
568,2025-03-29 17:00:00,0.018858056515455246
569,2025-03-29 18:00:00,0.019005361944437027
570,2025-03-29 19:00:00,0.019299400970339775
571,2025-03-29 20:00:00,0.019039150327444077
572,2025-03-29 21:00:00,0.019343797117471695
573,2025-03-29 22:00:00,0.019218582659959793
574,2025-03-29 23:00:00,0.019031742587685585
575,2025-03-30 00:00:00,0.01914731226861477
576,2025-03-30 01:00:00,0.019189950078725815
577,2025-03-30 02:00:00,0.01898643933236599
578,2025-03-30 03:00:00,0.019345322623848915
579,2025-03-30 04:00:00,0.019238535314798355
580,2025-03-30 05:00:00,0.019369125366210938
581,2025-03-30 06:00:00,0.019221117720007896
582,2025-03-30 07:00:00,0.019348276779055595
583,2025-03-30 08:00:00,0.01926286891102791
584,2025-03-30 09:00:00,0.019167322665452957
585,2025-03-30 10:00:00,0.019618645310401917
586,2025-03-30 11:00:00,0.019534427672624588
587,2025-03-30 12:00:00,0.019506987184286118
588,2025-03-30 13:00:00,0.019408676773309708
589,2025-03-30 14:00:00,0.019166721031069756
590,2025-03-30 15:00:00,0.01924818940460682
591,2025-03-30 16:00:00,0.019512252882122993
592,2025-03-30 17:00:00,0.0191743653267622
593,2025-03-30 18:00:00,0.018950827419757843
594,2025-03-30 19:00:00,0.01879294589161873
595,2025-03-30 20:00:00,0.01918717473745346
596,2025-03-30 21:00:00,0.019412586465477943
597,2025-03-30 22:00:00,0.01943555474281311
598,2025-03-30 23:00:00,0.019148796796798706
599,2025-03-31 00:00:00,0.01888006180524826
600,2025-03-31 01:00:00,0.01950756460428238
601,2025-03-31 02:00:00,0.019363269209861755
602,2025-03-31 03:00:00,0.01943584345281124
603,2025-03-31 04:00:00,0.019170917570590973
604,2025-03-31 05:00:00,0.01920560747385025
605,2025-03-31 06:00:00,0.019422074779868126
606,2025-03-31 07:00:00,0.018979929387569427
607,2025-03-31 08:00:00,0.01911141723394394
608,2025-03-31 09:00:00,0.019023435190320015
609,2025-03-31 10:00:00,0.01890207827091217
610,2025-03-31 11:00:00,0.019034024327993393
611,2025-03-31 12:00:00,0.018510913476347923
612,2025-03-31 13:00:00,0.018826201558113098
613,2025-03-31 14:00:00,0.018743503838777542
614,2025-03-31 15:00:00,0.018825983628630638
615,2025-03-31 16:00:00,0.01880238950252533
616,2025-03-31 17:00:00,0.01856735721230507
617,2025-03-31 18:00:00,0.01884082704782486
618,2025-03-31 19:00:00,0.018780957907438278
619,2025-03-31 20:00:00,0.019057486206293106
620,2025-03-31 21:00:00,0.01890183612704277
621,2025-03-31 22:00:00,0.01880994811654091
622,2025-03-31 23:00:00,0.018822122365236282
623,2025-04-01 00:00:00,0.0191932525485754
624,2025-04-01 01:00:00,0.019093791022896767
625,2025-04-01 02:00:00,0.018894385546445847
626,2025-04-01 03:00:00,0.019080493599176407
627,2025-04-01 04:00:00,0.019054653123021126
628,2025-04-01 05:00:00,0.018762096762657166
629,2025-04-01 06:00:00,0.018924854695796967
630,2025-04-01 07:00:00,0.018849894404411316
631,2025-04-01 08:00:00,0.019024236127734184
632,2025-04-01 09:00:00,0.018962915986776352
633,2025-04-01 10:00:00,0.019519349560141563
634,2025-04-01 11:00:00,0.01929115504026413
635,2025-04-01 12:00:00,0.019026339054107666
636,2025-04-01 13:00:00,0.018769366666674614
637,2025-04-01 14:00:00,0.018467377871274948
638,2025-04-01 15:00:00,0.01873690076172352
639,2025-04-01 16:00:00,0.01877784915268421
640,2025-04-01 17:00:00,0.018766438588500023
641,2025-04-01 18:00:00,0.01880750060081482
642,2025-04-01 19:00:00,0.019188981503248215
643,2025-04-01 20:00:00,0.0191069096326828
644,2025-04-01 21:00:00,0.01924823224544525
645,2025-04-01 22:00:00,0.019171511754393578
646,2025-04-01 23:00:00,0.01958324760198593
647,2025-04-02 00:00:00,0.019187327474355698
648,2025-04-02 01:00:00,0.019251380115747452
649,2025-04-02 02:00:00,0.019795063883066177
650,2025-04-02 03:00:00,0.01963118463754654
651,2025-04-02 04:00:00,0.019766168668866158
652,2025-04-02 05:00:00,0.019642388448119164
653,2025-04-02 06:00:00,0.019189435988664627
654,2025-04-02 07:00:00,0.01924494467675686
655,2025-04-02 08:00:00,0.019642530009150505
656,2025-04-02 09:00:00,0.01954529993236065
657,2025-04-02 10:00:00,0.019343798980116844
658,2025-04-02 11:00:00,0.019421987235546112
659,2025-04-02 12:00:00,0.019324742257595062
660,2025-04-02 13:00:00,0.019388163462281227
661,2025-04-02 14:00:00,0.019360076636075974
662,2025-04-02 15:00:00,0.01915232464671135
663,2025-04-02 16:00:00,0.019167710095643997
664,2025-04-02 17:00:00,0.019272182136774063
665,2025-04-02 18:00:00,0.019381389021873474
666,2025-04-02 19:00:00,0.01940152607858181
667,2025-04-02 20:00:00,0.0193822979927063
668,2025-04-02 21:00:00,0.01948453113436699
669,2025-04-02 22:00:00,0.019376864656805992
670,2025-04-02 23:00:00,0.019319284707307816
671,2025-04-03 00:00:00,0.019043399021029472
672,2025-04-03 01:00:00,0.01899111643433571
673,2025-04-03 02:00:00,0.018786055967211723
674,2025-04-03 03:00:00,0.0188952274620533
675,2025-04-03 04:00:00,0.019011257216334343
676,2025-04-03 05:00:00,0.01900315284729004
677,2025-04-03 06:00:00,0.019028356298804283
678,2025-04-03 07:00:00,0.0187530554831028
679,2025-04-03 08:00:00,0.018907923251390457
680,2025-04-03 09:00:00,0.01944158598780632
681,2025-04-03 10:00:00,0.019400563091039658
682,2025-04-03 11:00:00,0.01884583942592144
683,2025-04-03 12:00:00,0.019107144325971603
684,2025-04-03 13:00:00,0.019048253074288368
685,2025-04-03 14:00:00,0.018860910087823868
686,2025-04-03 15:00:00,0.01894107274711132
687,2025-04-03 16:00:00,0.019174616783857346
688,2025-04-03 17:00:00,0.018933024257421494
689,2025-04-03 18:00:00,0.01880553551018238
690,2025-04-03 19:00:00,0.01867213100194931
691,2025-04-03 20:00:00,0.0188649520277977
692,2025-04-03 21:00:00,0.018843555822968483
693,2025-04-03 22:00:00,0.018568461760878563
694,2025-04-03 23:00:00,0.01843508705496788
695,2025-04-04 00:00:00,0.018707256764173508
696,2025-04-04 01:00:00,0.018864527344703674
697,2025-04-04 02:00:00,0.01884051412343979
698,2025-04-04 03:00:00,0.018657367676496506
699,2025-04-04 04:00:00,0.019228780642151833
700,2025-04-04 05:00:00,0.019111691042780876
701,2025-04-04 06:00:00,0.019072208553552628
702,2025-04-04 07:00:00,0.019029121845960617
703,2025-04-04 08:00:00,0.018990270793437958
704,2025-04-04 09:00:00,0.019282370805740356
705,2025-04-04 10:00:00,0.01957748830318451
706,2025-04-04 11:00:00,0.01918547973036766
707,2025-04-04 12:00:00,0.019272085279226303
708,2025-04-04 13:00:00,0.019865846261382103
709,2025-04-04 14:00:00,0.019664105027914047
710,2025-04-04 15:00:00,0.01972629688680172
711,2025-04-04 16:00:00,0.019916558638215065
712,2025-04-04 17:00:00,0.020181890577077866
713,2025-04-04 18:00:00,0.019981369376182556
714,2025-04-04 19:00:00,0.019612330943346024
715,2025-04-04 20:00:00,0.019679831340909004
716,2025-04-04 21:00:00,0.019772229716181755
717,2025-04-04 22:00:00,0.019965585321187973
718,2025-04-04 23:00:00,0.019939769059419632
719,2025-04-05 00:00:00,0.020108412951231003
720,2025-04-05 01:00:00,0.020402727648615837
721,2025-04-05 02:00:00,0.020484814420342445
722,2025-04-05 03:00:00,0.020331675186753273
723,2025-04-05 04:00:00,0.020375333726406097
724,2025-04-05 05:00:00,0.019976414740085602
725,2025-04-05 06:00:00,0.020102206617593765
726,2025-04-05 07:00:00,0.020253930240869522
727,2025-04-05 08:00:00,0.019962593913078308
728,2025-04-05 09:00:00,0.02025233767926693
729,2025-04-05 10:00:00,0.020247310400009155
730,2025-04-05 11:00:00,0.019987305626273155
731,2025-04-05 12:00:00,0.01991930603981018
732,2025-04-05 13:00:00,0.0200251042842865
733,2025-04-05 14:00:00,0.020150594413280487
734,2025-04-05 15:00:00,0.020224381238222122
735,2025-04-05 16:00:00,0.02031068317592144
736,2025-04-05 17:00:00,0.019947689026594162
737,2025-04-05 18:00:00,0.01960640586912632
738,2025-04-05 19:00:00,0.01956094056367874
739,2025-04-05 20:00:00,0.019777802750468254
740,2025-04-05 21:00:00,0.019450465217232704
741,2025-04-05 22:00:00,0.019711559638381004
742,2025-04-05 23:00:00,0.01972190849483013
743,2025-04-06 00:00:00,0.019860321655869484
744,2025-04-06 01:00:00,0.019359663128852844
745,2025-04-06 02:00:00,0.01932564564049244
746,2025-04-06 03:00:00,0.019436875358223915
747,2025-04-06 04:00:00,0.01983524113893509
748,2025-04-06 05:00:00,0.019321834668517113
749,2025-04-06 06:00:00,0.01955329068005085
750,2025-04-06 07:00:00,0.019548244774341583
751,2025-04-06 08:00:00,0.019636038690805435
752,2025-04-06 09:00:00,0.019551265984773636
753,2025-04-06 10:00:00,0.01930617354810238
754,2025-04-06 11:00:00,0.019345598295331
755,2025-04-06 12:00:00,0.018974516540765762
756,2025-04-06 13:00:00,0.019274264574050903
757,2025-04-06 14:00:00,0.01886783353984356
758,2025-04-06 15:00:00,0.018849655985832214
759,2025-04-06 16:00:00,0.01869170367717743
760,2025-04-06 17:00:00,0.019053427502512932
761,2025-04-06 18:00:00,0.019588589668273926
762,2025-04-06 19:00:00,0.0193097572773695
763,2025-04-06 20:00:00,0.019563136622309685
764,2025-04-06 21:00:00,0.019558753818273544
765,2025-04-06 22:00:00,0.019646260887384415
766,2025-04-06 23:00:00,0.01981320232152939
767,2025-04-07 00:00:00,0.019488682970404625
768,2025-04-07 01:00:00,0.019503135234117508
769,2025-04-07 02:00:00,0.019652418792247772
770,2025-04-07 03:00:00,0.01962899975478649
771,2025-04-07 04:00:00,0.019867857918143272
772,2025-04-07 05:00:00,0.0195184126496315
773,2025-04-07 06:00:00,0.019259370863437653
774,2025-04-07 07:00:00,0.019791919738054276
775,2025-04-07 08:00:00,0.019969753921031952
776,2025-04-07 09:00:00,0.01975260302424431
777,2025-04-07 10:00:00,0.019993972033262253
778,2025-04-07 11:00:00,0.020045075565576553
779,2025-04-07 12:00:00,0.01995120383799076
780,2025-04-07 13:00:00,0.020263729616999626
781,2025-04-07 14:00:00,0.01981133595108986
782,2025-04-07 15:00:00,0.019948642700910568
783,2025-04-07 16:00:00,0.019827697426080704
784,2025-04-07 17:00:00,0.0199432335793972
785,2025-04-07 18:00:00,0.020008010789752007
786,2025-04-07 19:00:00,0.02004247158765793
787,2025-04-07 20:00:00,0.019922785460948944
788,2025-04-07 21:00:00,0.019949691370129585
789,2025-04-07 22:00:00,0.019892022013664246
790,2025-04-07 23:00:00,0.0194480549544096
791,2025-04-08 00:00:00,0.019454896450042725
792,2025-04-08 01:00:00,0.019700344651937485
793,2025-04-08 02:00:00,0.019790858030319214
794,2025-04-08 03:00:00,0.01961757242679596
795,2025-04-08 04:00:00,0.01956455409526825
796,2025-04-08 05:00:00,0.019673805683851242
797,2025-04-08 06:00:00,0.01956651359796524
798,2025-04-08 07:00:00,0.019498631358146667
799,2025-04-08 08:00:00,0.019820906221866608
800,2025-04-08 09:00:00,0.019668634980916977
801,2025-04-08 10:00:00,0.019577741622924805
802,2025-04-08 11:00:00,0.019650615751743317
803,2025-04-08 12:00:00,0.019539255648851395
804,2025-04-08 13:00:00,0.019754283130168915
805,2025-04-08 14:00:00,0.01999761164188385
806,2025-04-08 15:00:00,0.01936533860862255
807,2025-04-08 16:00:00,0.01929503306746483
808,2025-04-08 17:00:00,0.019401177763938904
809,2025-04-08 18:00:00,0.019276022911071777
810,2025-04-08 19:00:00,0.019642328843474388
811,2025-04-08 20:00:00,0.019696686416864395
812,2025-04-08 21:00:00,0.01942143589258194
813,2025-04-08 22:00:00,0.019483838230371475
814,2025-04-08 23:00:00,0.019027620553970337
815,2025-04-09 00:00:00,0.01914038136601448
816,2025-04-09 01:00:00,0.019185924902558327
817,2025-04-09 02:00:00,0.018965058028697968
818,2025-04-09 03:00:00,0.01955263502895832
819,2025-04-09 04:00:00,0.01949796825647354
820,2025-04-09 05:00:00,0.019466055557131767
821,2025-04-09 06:00:00,0.019651612266898155
822,2025-04-09 07:00:00,0.019403044134378433
823,2025-04-09 08:00:00,0.019472703337669373
824,2025-04-09 09:00:00,0.01963411271572113
825,2025-04-09 10:00:00,0.019650815054774284
826,2025-04-09 11:00:00,0.01968391053378582
827,2025-04-09 12:00:00,0.019432786852121353
828,2025-04-09 13:00:00,0.019621513783931732
829,2025-04-09 14:00:00,0.019183136522769928
830,2025-04-09 15:00:00,0.019423488527536392
831,2025-04-09 16:00:00,0.019441265612840652
832,2025-04-09 17:00:00,0.01960139349102974
833,2025-04-09 18:00:00,0.019851647317409515
834,2025-04-09 19:00:00,0.02004557102918625
835,2025-04-09 20:00:00,0.019395241513848305
836,2025-04-09 21:00:00,0.01938009448349476
837,2025-04-09 22:00:00,0.01910608634352684
838,2025-04-09 23:00:00,0.019058071076869965
839,2025-04-10 00:00:00,0.019154947251081467
840,2025-04-10 01:00:00,0.019148491322994232
841,2025-04-10 02:00:00,0.01955561898648739
842,2025-04-10 03:00:00,0.019452907145023346
843,2025-04-10 04:00:00,0.01962103322148323
844,2025-04-10 05:00:00,0.0198599211871624
845,2025-04-10 06:00:00,0.01975398324429989
846,2025-04-10 07:00:00,0.019307736307382584
847,2025-04-10 08:00:00,0.019152089953422546
848,2025-04-10 09:00:00,0.019502032548189163
849,2025-04-10 10:00:00,0.019550472497940063
850,2025-04-10 11:00:00,0.019601989537477493
851,2025-04-10 12:00:00,0.01985403150320053
852,2025-04-10 13:00:00,0.020411264151334763
853,2025-04-10 14:00:00,0.0195907112210989
854,2025-04-10 15:00:00,0.01971135102212429
855,2025-04-10 16:00:00,0.019710037857294083
856,2025-04-10 17:00:00,0.01956239901483059
857,2025-04-10 18:00:00,0.019700901582837105
858,2025-04-10 19:00:00,0.019594091922044754
859,2025-04-10 20:00:00,0.01947471685707569
860,2025-04-10 21:00:00,0.019303128123283386
861,2025-04-10 22:00:00,0.01979290321469307
862,2025-04-10 23:00:00,0.019655706360936165
863,2025-04-11 00:00:00,0.019807612523436546
864,2025-04-11 01:00:00,0.02003777213394642
865,2025-04-11 02:00:00,0.019775832071900368
866,2025-04-11 03:00:00,0.01977565512061119
867,2025-04-11 04:00:00,0.019973156973719597
868,2025-04-11 05:00:00,0.02029644511640072
869,2025-04-11 06:00:00,0.02048536203801632
870,2025-04-11 07:00:00,0.020801827311515808
871,2025-04-11 08:00:00,0.020987384021282196
872,2025-04-11 09:00:00,0.0205430556088686
873,2025-04-11 10:00:00,0.02078511007130146
874,2025-04-11 11:00:00,0.02058849297463894
875,2025-04-11 12:00:00,0.021035708487033844
876,2025-04-11 13:00:00,0.020472576841711998
877,2025-04-11 14:00:00,0.020566808059811592
878,2025-04-11 15:00:00,0.020609648898243904
879,2025-04-11 16:00:00,0.02033866196870804
880,2025-04-11 17:00:00,0.02032415196299553
881,2025-04-11 18:00:00,0.02020886540412903
882,2025-04-11 19:00:00,0.01987481862306595
883,2025-04-11 20:00:00,0.019916407763957977
884,2025-04-11 21:00:00,0.020283643156290054
885,2025-04-11 22:00:00,0.020397264510393143
886,2025-04-11 23:00:00,0.019894201308488846
887,2025-04-12 00:00:00,0.01951541379094124
888,2025-04-12 01:00:00,0.019886326044797897
889,2025-04-12 02:00:00,0.01967882551252842
890,2025-04-12 03:00:00,0.0197531059384346
891,2025-04-12 04:00:00,0.020298250019550323
892,2025-04-12 05:00:00,0.02055792696774006
893,2025-04-12 06:00:00,0.019684284925460815
894,2025-04-12 07:00:00,0.019760791212320328
895,2025-04-12 08:00:00,0.019894810393452644
896,2025-04-12 09:00:00,0.019926020875573158
897,2025-04-12 10:00:00,0.020531438291072845
898,2025-04-12 11:00:00,0.020601889118552208
899,2025-04-12 12:00:00,0.020349599421024323
900,2025-04-12 13:00:00,0.02034822665154934
901,2025-04-12 14:00:00,0.020573517307639122
902,2025-04-12 15:00:00,0.02026558667421341
903,2025-04-12 16:00:00,0.020174697041511536
904,2025-04-12 17:00:00,0.01975397951900959
905,2025-04-12 18:00:00,0.019901450723409653
906,2025-04-12 19:00:00,0.020306717604398727
907,2025-04-12 20:00:00,0.02064497582614422
908,2025-04-12 21:00:00,0.020875107496976852
909,2025-04-12 22:00:00,0.02045559324324131
910,2025-04-12 23:00:00,0.020887717604637146
911,2025-04-13 00:00:00,0.020381806418299675
912,2025-04-13 01:00:00,0.02054823748767376
913,2025-04-13 02:00:00,0.020461689680814743
914,2025-04-13 03:00:00,0.02081800252199173
915,2025-04-13 04:00:00,0.020879851654171944
916,2025-04-13 05:00:00,0.020969083532691002
917,2025-04-13 06:00:00,0.021258246153593063
918,2025-04-13 07:00:00,0.021350596100091934
919,2025-04-13 08:00:00,0.02133684977889061
920,2025-04-13 09:00:00,0.02121875062584877
921,2025-04-13 10:00:00,0.02090544067323208
922,2025-04-13 11:00:00,0.02095072902739048
923,2025-04-13 12:00:00,0.021655984222888947
924,2025-04-13 13:00:00,0.02166283130645752
925,2025-04-13 14:00:00,0.02106897160410881
926,2025-04-13 15:00:00,0.02091774344444275
927,2025-04-13 16:00:00,0.021215012297034264
928,2025-04-13 17:00:00,0.020924154669046402
929,2025-04-13 18:00:00,0.020958762615919113
930,2025-04-13 19:00:00,0.02143397182226181
931,2025-04-13 20:00:00,0.020910905674099922
932,2025-04-13 21:00:00,0.020771125331521034
933,2025-04-13 22:00:00,0.021283838897943497
934,2025-04-13 23:00:00,0.020902002230286598
935,2025-04-14 00:00:00,0.021133357658982277
936,2025-04-14 01:00:00,0.021069495007395744
937,2025-04-14 02:00:00,0.02106533572077751
938,2025-04-14 03:00:00,0.021056581288576126
939,2025-04-14 04:00:00,0.021424179896712303
940,2025-04-14 05:00:00,0.02104312554001808
941,2025-04-14 06:00:00,0.021280886605381966
942,2025-04-14 07:00:00,0.02138533443212509
943,2025-04-14 08:00:00,0.021337047219276428
944,2025-04-14 09:00:00,0.02147240936756134
945,2025-04-14 10:00:00,0.021344397217035294
946,2025-04-14 11:00:00,0.021742774173617363
947,2025-04-14 12:00:00,0.02131054922938347
948,2025-04-14 13:00:00,0.021081814542412758
949,2025-04-14 14:00:00,0.021128792315721512
950,2025-04-14 15:00:00,0.021178096532821655
951,2025-04-14 16:00:00,0.021394804120063782
952,2025-04-14 17:00:00,0.021398164331912994
953,2025-04-14 18:00:00,0.0212470144033432
954,2025-04-14 19:00:00,0.021207213401794434
955,2025-04-14 20:00:00,0.02092902362346649
956,2025-04-14 21:00:00,0.02129637636244297
957,2025-04-14 22:00:00,0.02149359881877899
958,2025-04-14 23:00:00,0.021693779155611992
959,2025-04-15 00:00:00,0.02161908894777298
960,2025-04-15 01:00:00,0.021636584773659706
961,2025-04-15 02:00:00,0.021581312641501427
962,2025-04-15 03:00:00,0.021544281393289566
963,2025-04-15 04:00:00,0.021836934611201286
964,2025-04-15 05:00:00,0.02187117002904415
965,2025-04-15 06:00:00,0.02137116715312004
966,2025-04-15 07:00:00,0.021401172503829002
967,2025-04-15 08:00:00,0.02099597454071045
968,2025-04-15 09:00:00,0.02139701507985592
969,2025-04-15 10:00:00,0.021278277039527893
970,2025-04-15 11:00:00,0.02194415032863617
971,2025-04-15 12:00:00,0.021314484998583794
972,2025-04-15 13:00:00,0.02125314250588417
973,2025-04-15 14:00:00,0.021517980843782425
974,2025-04-15 15:00:00,0.021899187937378883
975,2025-04-15 16:00:00,0.02165762335062027
976,2025-04-15 17:00:00,0.021913159638643265
977,2025-04-15 18:00:00,0.02151738479733467
978,2025-04-15 19:00:00,0.02166803739964962
979,2025-04-15 20:00:00,0.02138342894613743
980,2025-04-15 21:00:00,0.02185903862118721
981,2025-04-15 22:00:00,0.021321771666407585
982,2025-04-15 23:00:00,0.021467633545398712
983,2025-04-16 00:00:00,0.021752972155809402
984,2025-04-16 01:00:00,0.02185598388314247
985,2025-04-16 02:00:00,0.021160822361707687
986,2025-04-16 03:00:00,0.021247034892439842
987,2025-04-16 04:00:00,0.02113671600818634
988,2025-04-16 05:00:00,0.02094629779458046
989,2025-04-16 06:00:00,0.020705226808786392
990,2025-04-16 07:00:00,0.02132987231016159
991,2025-04-16 08:00:00,0.02113392949104309
992,2025-04-16 09:00:00,0.02139967493712902
993,2025-04-16 10:00:00,0.021443484351038933
994,2025-04-16 11:00:00,0.021461065858602524
995,2025-04-16 12:00:00,0.021254923194646835
996,2025-04-16 13:00:00,0.021352607756853104
997,2025-04-16 14:00:00,0.02096938155591488
998,2025-04-16 15:00:00,0.0209121722728014
999,2025-04-16 16:00:00,0.02078435570001602
1000,2025-04-16 17:00:00,0.021189656108617783
1001,2025-04-16 18:00:00,0.021190643310546875
1002,2025-04-16 19:00:00,0.02103034406900406
1003,2025-04-16 20:00:00,0.021429218351840973
1004,2025-04-16 21:00:00,0.02090458758175373
1005,2025-04-16 22:00:00,0.021652990952134132
1006,2025-04-16 23:00:00,0.021168284118175507
1007,2025-04-17 00:00:00,0.021272053942084312
1008,2025-04-17 01:00:00,0.02167704328894615
1009,2025-04-17 02:00:00,0.021193107590079308
1010,2025-04-17 03:00:00,0.021605614572763443
1011,2025-04-17 04:00:00,0.021593639627099037
1012,2025-04-17 05:00:00,0.02170000784099102
1013,2025-04-17 06:00:00,0.02140757255256176
1014,2025-04-17 07:00:00,0.02156403660774231
1015,2025-04-17 08:00:00,0.02129661850631237
1016,2025-04-17 09:00:00,0.021626364439725876
1017,2025-04-17 10:00:00,0.02104346454143524
1018,2025-04-17 11:00:00,0.021290551871061325
1019,2025-04-17 12:00:00,0.021402819082140923
1020,2025-04-17 13:00:00,0.02163384109735489
1021,2025-04-17 14:00:00,0.021688969805836678
1022,2025-04-17 15:00:00,0.0222313329577446
1023,2025-04-17 16:00:00,0.0216774120926857
1024,2025-04-17 17:00:00,0.021734384819865227
1025,2025-04-17 18:00:00,0.02199043519794941
1026,2025-04-17 19:00:00,0.0217085313051939
1027,2025-04-17 20:00:00,0.022034958004951477
1028,2025-04-17 21:00:00,0.022219691425561905
1029,2025-04-17 22:00:00,0.02204063907265663
1030,2025-04-17 23:00:00,0.021825354546308517
1031,2025-04-18 00:00:00,0.021699178963899612
1032,2025-04-18 01:00:00,0.02159004658460617
1033,2025-04-18 02:00:00,0.021610606461763382
1034,2025-04-18 03:00:00,0.021581098437309265
1035,2025-04-18 04:00:00,0.02171003259718418
1036,2025-04-18 05:00:00,0.021612033247947693
1037,2025-04-18 06:00:00,0.02180880680680275
1038,2025-04-18 07:00:00,0.021410280838608742
1039,2025-04-18 08:00:00,0.02167346514761448
1040,2025-04-18 09:00:00,0.02170049399137497
1041,2025-04-18 10:00:00,0.021598465740680695
1042,2025-04-18 11:00:00,0.02143056131899357
1043,2025-04-18 12:00:00,0.021520867943763733
1044,2025-04-18 13:00:00,0.02207053452730179
1045,2025-04-18 14:00:00,0.022207748144865036
1046,2025-04-18 15:00:00,0.021836532279849052
1047,2025-04-18 16:00:00,0.02235211431980133
1048,2025-04-18 17:00:00,0.02203390933573246
1049,2025-04-18 18:00:00,0.022044796496629715
1050,2025-04-18 19:00:00,0.021883931010961533
1051,2025-04-18 20:00:00,0.02171245776116848
1052,2025-04-18 21:00:00,0.022224564105272293
1053,2025-04-18 22:00:00,0.02234339341521263
1054,2025-04-18 23:00:00,0.021839028224349022
1055,2025-04-19 00:00:00,0.02202839031815529
1056,2025-04-19 01:00:00,0.02237563580274582
1057,2025-04-19 02:00:00,0.021994460374116898
1058,2025-04-19 03:00:00,0.022515788674354553
1059,2025-04-19 04:00:00,0.02252819389104843
1060,2025-04-19 05:00:00,0.02287774160504341
1061,2025-04-19 06:00:00,0.022794906049966812
1062,2025-04-19 07:00:00,0.022742103785276413
1063,2025-04-19 08:00:00,0.022503219544887543
1064,2025-04-19 09:00:00,0.02283889800310135
1065,2025-04-19 10:00:00,0.02253800630569458
1066,2025-04-19 11:00:00,0.022388700395822525
1067,2025-04-19 12:00:00,0.022746991366147995
1068,2025-04-19 13:00:00,0.02281120978295803
1069,2025-04-19 14:00:00,0.022876854985952377
1070,2025-04-19 15:00:00,0.02267945185303688
1071,2025-04-19 16:00:00,0.02244148775935173
1072,2025-04-19 17:00:00,0.022542249411344528
1073,2025-04-19 18:00:00,0.022880295291543007
1074,2025-04-19 19:00:00,0.022802285850048065
1075,2025-04-19 20:00:00,0.022704143077135086
1076,2025-04-19 21:00:00,0.022647028788924217
1077,2025-04-19 22:00:00,0.022551892325282097
1078,2025-04-19 23:00:00,0.02269664593040943
1079,2025-04-20 00:00:00,0.022646863013505936
1080,2025-04-20 01:00:00,0.022340385243296623
1081,2025-04-20 02:00:00,0.022083595395088196
1082,2025-04-20 03:00:00,0.022467268630862236
1083,2025-04-20 04:00:00,0.022186946123838425
1084,2025-04-20 05:00:00,0.021866757422685623
1085,2025-04-20 06:00:00,0.021695055067539215
1086,2025-04-20 07:00:00,0.02240747958421707
1087,2025-04-20 08:00:00,0.02197417989373207
1088,2025-04-20 09:00:00,0.022420383989810944
1089,2025-04-20 10:00:00,0.022303767502307892
1090,2025-04-20 11:00:00,0.02237088978290558
1091,2025-04-20 12:00:00,0.022123444825410843
1092,2025-04-20 13:00:00,0.0221562422811985
1093,2025-04-20 14:00:00,0.02220049314200878
1094,2025-04-20 15:00:00,0.022019855678081512
1095,2025-04-20 16:00:00,0.0224639642983675
1096,2025-04-20 17:00:00,0.022392259910702705
1097,2025-04-20 18:00:00,0.022699568420648575
1098,2025-04-20 19:00:00,0.02265879139304161
1099,2025-04-20 20:00:00,0.022827034816145897
1100,2025-04-20 21:00:00,0.022423332557082176
1101,2025-04-20 22:00:00,0.022648144513368607
1102,2025-04-20 23:00:00,0.022555766627192497
1103,2025-04-21 00:00:00,0.022512594237923622
1104,2025-04-21 01:00:00,0.022667450830340385
1105,2025-04-21 02:00:00,0.022436706349253654
1106,2025-04-21 03:00:00,0.021395569667220116
1107,2025-04-21 04:00:00,0.021761633455753326
1108,2025-04-21 05:00:00,0.0221861619502306
1109,2025-04-21 06:00:00,0.02165822498500347
1110,2025-04-21 07:00:00,0.021136902272701263
1111,2025-04-21 08:00:00,0.021359574049711227
1112,2025-04-21 09:00:00,0.021339844912290573
1113,2025-04-21 10:00:00,0.021415557712316513
1114,2025-04-21 11:00:00,0.021564001217484474
1115,2025-04-21 12:00:00,0.021501366049051285
1116,2025-04-21 13:00:00,0.02163461223244667
1117,2025-04-21 14:00:00,0.021717417985200882
1118,2025-04-21 15:00:00,0.022117855027318
1119,2025-04-21 16:00:00,0.0219598226249218
1120,2025-04-21 17:00:00,0.022173414006829262
1121,2025-04-21 18:00:00,0.022000752389431
1122,2025-04-21 19:00:00,0.02196432277560234
1123,2025-04-21 20:00:00,0.022080402821302414
1124,2025-04-21 21:00:00,0.02191828563809395
1125,2025-04-21 22:00:00,0.02209196239709854
1126,2025-04-21 23:00:00,0.021647274494171143
1127,2025-04-22 00:00:00,0.02183196134865284
1128,2025-04-22 01:00:00,0.02160470560193062
1129,2025-04-22 02:00:00,0.02123897708952427
1130,2025-04-22 03:00:00,0.021641941741108894
1131,2025-04-22 04:00:00,0.021759752184152603
1132,2025-04-22 05:00:00,0.02163286879658699
1133,2025-04-22 06:00:00,0.021161360666155815
1134,2025-04-22 07:00:00,0.021318960934877396
1135,2025-04-22 08:00:00,0.021277813240885735
1136,2025-04-22 09:00:00,0.02135864645242691
1137,2025-04-22 10:00:00,0.02117416262626648
1138,2025-04-22 11:00:00,0.0210130475461483
1139,2025-04-22 12:00:00,0.020898018032312393
1140,2025-04-22 13:00:00,0.02104722335934639
1141,2025-04-22 14:00:00,0.02094031684100628
1142,2025-04-22 15:00:00,0.020943328738212585
1143,2025-04-22 16:00:00,0.02077265828847885
1144,2025-04-22 17:00:00,0.02102777734398842
1145,2025-04-22 18:00:00,0.021444790065288544
1146,2025-04-22 19:00:00,0.020356766879558563
1147,2025-04-22 20:00:00,0.020712345838546753
1148,2025-04-22 21:00:00,0.02122342213988304
1149,2025-04-22 22:00:00,0.02090972475707531
1150,2025-04-22 23:00:00,0.0208616703748703
1151,2025-04-23 00:00:00,0.02151026390492916
1152,2025-04-23 01:00:00,0.02100013568997383
1153,2025-04-23 02:00:00,0.021127570420503616
1154,2025-04-23 03:00:00,0.0208301804959774
1155,2025-04-23 04:00:00,0.021023642271757126
1156,2025-04-23 05:00:00,0.02122701331973076
1157,2025-04-23 06:00:00,0.021041691303253174
1158,2025-04-23 07:00:00,0.021321093663573265
1159,2025-04-23 08:00:00,0.020773664116859436
1160,2025-04-23 09:00:00,0.021234607324004173
1161,2025-04-23 10:00:00,0.020863354206085205
1162,2025-04-23 11:00:00,0.020936818793416023
1163,2025-04-23 12:00:00,0.020804408937692642
1164,2025-04-23 13:00:00,0.02109871618449688
1165,2025-04-23 14:00:00,0.02068346180021763
1166,2025-04-23 15:00:00,0.020880378782749176
1167,2025-04-23 16:00:00,0.02090723067522049
1168,2025-04-23 17:00:00,0.021112220361828804
1169,2025-04-23 18:00:00,0.021044140681624413
1170,2025-04-23 19:00:00,0.020896444097161293
1171,2025-04-23 20:00:00,0.0210463535040617
1172,2025-04-23 21:00:00,0.02084578201174736
1173,2025-04-23 22:00:00,0.021112781018018723
1174,2025-04-23 23:00:00,0.02088666707277298
1175,2025-04-24 00:00:00,0.020954711362719536
1176,2025-04-24 01:00:00,0.02089272439479828
1177,2025-04-24 02:00:00,0.021330414339900017
1178,2025-04-24 03:00:00,0.021182656288146973
1179,2025-04-24 04:00:00,0.021315807476639748
1180,2025-04-24 05:00:00,0.021478788927197456
1181,2025-04-24 06:00:00,0.02159641683101654
1182,2025-04-24 07:00:00,0.02143268659710884
1183,2025-04-24 08:00:00,0.021358050405979156
1184,2025-04-24 09:00:00,0.02141842432320118
1185,2025-04-24 10:00:00,0.02146724984049797
1186,2025-04-24 11:00:00,0.020878836512565613
1187,2025-04-24 12:00:00,0.02117225155234337
1188,2025-04-24 13:00:00,0.020983556285500526
1189,2025-04-24 14:00:00,0.02077179029583931
1190,2025-04-24 15:00:00,0.021269716322422028
1191,2025-04-24 16:00:00,0.02081027254462242
1192,2025-04-24 17:00:00,0.02131500467658043
1193,2025-04-24 18:00:00,0.021400179713964462
1194,2025-04-24 19:00:00,0.021258285269141197
1195,2025-04-24 20:00:00,0.021488647907972336
1196,2025-04-24 21:00:00,0.021289091557264328
1197,2025-04-24 22:00:00,0.021231580525636673
1198,2025-04-24 23:00:00,0.0212251003831625
1199,2025-04-25 00:00:00,0.021495142951607704
1200,2025-04-25 01:00:00,0.02119172178208828
1201,2025-04-25 02:00:00,0.021557748317718506
1202,2025-04-25 03:00:00,0.021552270278334618
1203,2025-04-25 04:00:00,0.021446675062179565
1204,2025-04-25 05:00:00,0.02154639922082424
1205,2025-04-25 06:00:00,0.021372973918914795
1206,2025-04-25 07:00:00,0.021619141101837158
1207,2025-04-25 08:00:00,0.021758783608675003
1208,2025-04-25 09:00:00,0.021763741970062256
1209,2025-04-25 10:00:00,0.021966487169265747
1210,2025-04-25 11:00:00,0.02193630114197731
1211,2025-04-25 12:00:00,0.022010846063494682
1212,2025-04-25 13:00:00,0.021897144615650177
1213,2025-04-25 14:00:00,0.021800799295306206
1214,2025-04-25 15:00:00,0.021815001964569092
1215,2025-04-25 16:00:00,0.021828163415193558
1216,2025-04-25 17:00:00,0.021510718390345573
1217,2025-04-25 18:00:00,0.021885020658373833
1218,2025-04-25 19:00:00,0.02170601859688759
1219,2025-04-25 20:00:00,0.021797001361846924
1220,2025-04-25 21:00:00,0.02181251160800457
1221,2025-04-25 22:00:00,0.021170200780034065
1222,2025-04-25 23:00:00,0.02159447781741619
1223,2025-04-26 00:00:00,0.021599477156996727
1224,2025-04-26 01:00:00,0.021286772564053535
1225,2025-04-26 02:00:00,0.021545983850955963
1226,2025-04-26 03:00:00,0.021739447489380836
1227,2025-04-26 04:00:00,0.021207738667726517
1228,2025-04-26 05:00:00,0.021446015685796738
1229,2025-04-26 06:00:00,0.02141796424984932
1230,2025-04-26 07:00:00,0.021831968799233437
1231,2025-04-26 08:00:00,0.021821025758981705
1232,2025-04-26 09:00:00,0.02195114642381668
1233,2025-04-26 10:00:00,0.021976208314299583
1234,2025-04-26 11:00:00,0.021863415837287903
1235,2025-04-26 12:00:00,0.02204810082912445
1236,2025-04-26 13:00:00,0.022461064159870148
1237,2025-04-26 14:00:00,0.022192738950252533
1238,2025-04-26 15:00:00,0.022530823945999146
1239,2025-04-26 16:00:00,0.022432031109929085
1240,2025-04-26 17:00:00,0.02239159867167473
1241,2025-04-26 18:00:00,0.021987635642290115
1242,2025-04-26 19:00:00,0.022291891276836395
1243,2025-04-26 20:00:00,0.022487536072731018
1244,2025-04-26 21:00:00,0.022427311167120934
1245,2025-04-26 22:00:00,0.022468388080596924
1246,2025-04-26 23:00:00,0.02287985570728779
1247,2025-04-27 00:00:00,0.022809214890003204
1248,2025-04-27 01:00:00,0.02281162142753601
1249,2025-04-27 02:00:00,0.022333495318889618
1250,2025-04-27 03:00:00,0.02229488268494606
1251,2025-04-27 04:00:00,0.02252580225467682
1252,2025-04-27 05:00:00,0.022470707073807716
1253,2025-04-27 06:00:00,0.02238527312874794
1254,2025-04-27 07:00:00,0.022094562649726868
1255,2025-04-27 08:00:00,0.022079264745116234
1256,2025-04-27 09:00:00,0.022236332297325134
1257,2025-04-27 10:00:00,0.02281317114830017
1258,2025-04-27 11:00:00,0.022661296650767326
1259,2025-04-27 12:00:00,0.0223853662610054
1260,2025-04-27 13:00:00,0.02236318774521351
1261,2025-04-27 14:00:00,0.022405067458748817
1262,2025-04-27 15:00:00,0.02216443046927452
1263,2025-04-27 16:00:00,0.02198309823870659
1264,2025-04-27 17:00:00,0.022332776337862015
1265,2025-04-27 18:00:00,0.02267882041633129
1266,2025-04-27 19:00:00,0.022525783628225327
1267,2025-04-27 20:00:00,0.02266514301300049
1268,2025-04-27 21:00:00,0.022217635065317154
1269,2025-04-27 22:00:00,0.02242664247751236
1270,2025-04-27 23:00:00,0.0222703218460083
1271,2025-04-28 00:00:00,0.022088991478085518
1272,2025-04-28 01:00:00,0.02176649123430252
1273,2025-04-28 02:00:00,0.021890465170145035
1274,2025-04-28 03:00:00,0.021845916286110878
1275,2025-04-28 04:00:00,0.021774785593152046
1276,2025-04-28 05:00:00,0.021851181983947754
1277,2025-04-28 06:00:00,0.021904725581407547
1278,2025-04-28 07:00:00,0.021863451227545738
1279,2025-04-28 08:00:00,0.02235008403658867
1280,2025-04-28 09:00:00,0.021828189492225647
1281,2025-04-28 10:00:00,0.022032424807548523
1282,2025-04-28 11:00:00,0.022236987948417664
1283,2025-04-28 12:00:00,0.021938027814030647
1284,2025-04-28 13:00:00,0.022117923945188522
1285,2025-04-28 14:00:00,0.022044820711016655
1286,2025-04-28 15:00:00,0.021861232817173004
1287,2025-04-28 16:00:00,0.02203221246600151
1288,2025-04-28 17:00:00,0.022238656878471375
1289,2025-04-28 18:00:00,0.02205197885632515
1290,2025-04-28 19:00:00,0.02253989316523075
1291,2025-04-28 20:00:00,0.022403553128242493
1292,2025-04-28 21:00:00,0.022688470780849457
1293,2025-04-28 22:00:00,0.02243618667125702
1294,2025-04-28 23:00:00,0.022231586277484894
1295,2025-04-29 00:00:00,0.022203434258699417
1296,2025-04-29 01:00:00,0.022136831656098366
1297,2025-04-29 02:00:00,0.022397298365831375
1298,2025-04-29 03:00:00,0.022087277844548225
1299,2025-04-29 04:00:00,0.022403594106435776
1300,2025-04-29 05:00:00,0.0221527311950922
1301,2025-04-29 06:00:00,0.022324873134493828
1302,2025-04-29 07:00:00,0.022209186106920242
1303,2025-04-29 08:00:00,0.022186599671840668
1304,2025-04-29 09:00:00,0.02184058539569378
1305,2025-04-29 10:00:00,0.021834945306181908
1306,2025-04-29 11:00:00,0.022025389596819878
1307,2025-04-29 12:00:00,0.02195453830063343
1308,2025-04-29 13:00:00,0.02184486947953701
1309,2025-04-29 14:00:00,0.021736212074756622
1310,2025-04-29 15:00:00,0.02169564925134182
1311,2025-04-29 16:00:00,0.021768616512417793
1312,2025-04-29 17:00:00,0.02169063687324524
1313,2025-04-29 18:00:00,0.02212054841220379
1314,2025-04-29 19:00:00,0.022175360471010208
1315,2025-04-29 20:00:00,0.022007711231708527
1316,2025-04-29 21:00:00,0.022299306467175484
1317,2025-04-29 22:00:00,0.022256549447774887
1318,2025-04-29 23:00:00,0.02200557291507721
1319,2025-04-30 00:00:00,0.022009819746017456
1320,2025-04-30 01:00:00,0.02203681692481041
1321,2025-04-30 02:00:00,0.022432658821344376
1322,2025-04-30 03:00:00,0.02264324203133583
1323,2025-04-30 04:00:00,0.0224885456264019
1324,2025-04-30 05:00:00,0.022327521815896034
1325,2025-04-30 06:00:00,0.022661132737994194
1326,2025-04-30 07:00:00,0.022493723779916763
1327,2025-04-30 08:00:00,0.022460879758000374
1328,2025-04-30 09:00:00,0.022552771493792534
1329,2025-04-30 10:00:00,0.022351112216711044
1330,2025-04-30 11:00:00,0.022494545206427574
1331,2025-04-30 12:00:00,0.02205159328877926
1332,2025-04-30 13:00:00,0.02230030484497547
1333,2025-04-30 14:00:00,0.022109994664788246
1334,2025-04-30 15:00:00,0.021893557161092758
1335,2025-04-30 16:00:00,0.02220272272825241
1336,2025-04-30 17:00:00,0.0220248531550169
1337,2025-04-30 18:00:00,0.022070705890655518
1338,2025-04-30 19:00:00,0.021884765475988388
1339,2025-04-30 20:00:00,0.022115161642432213
1340,2025-04-30 21:00:00,0.02198997512459755
1341,2025-04-30 22:00:00,0.022126156836748123
1342,2025-04-30 23:00:00,0.021867278963327408
1343,2025-05-01 00:00:00,0.021754445508122444
1344,2025-05-01 01:00:00,0.021862398833036423
1345,2025-05-01 02:00:00,0.022161679342389107
1346,2025-05-01 03:00:00,0.02218467928469181
1347,2025-05-01 04:00:00,0.022255966439843178
1348,2025-05-01 05:00:00,0.02224753051996231
1349,2025-05-01 06:00:00,0.022162701934576035
1350,2025-05-01 07:00:00,0.022466227412223816
1351,2025-05-01 08:00:00,0.022154413163661957
1352,2025-05-01 09:00:00,0.022006532177329063
1353,2025-05-01 10:00:00,0.022430365905165672
1354,2025-05-01 11:00:00,0.02246277593076229
1355,2025-05-01 12:00:00,0.02214997075498104
1356,2025-05-01 13:00:00,0.022496582940220833
1357,2025-05-01 14:00:00,0.022887755185365677
1358,2025-05-01 15:00:00,0.022576209157705307
1359,2025-05-01 16:00:00,0.022797010838985443
1360,2025-05-01 17:00:00,0.022829608991742134
1361,2025-05-01 18:00:00,0.022944174706935883
1362,2025-05-01 19:00:00,0.023221919313073158
1363,2025-05-01 20:00:00,0.023353446274995804
1364,2025-05-01 21:00:00,0.023176411166787148
1365,2025-05-01 22:00:00,0.023204313591122627
1366,2025-05-01 23:00:00,0.023584745824337006
1367,2025-05-02 00:00:00,0.022777441889047623
1368,2025-05-02 01:00:00,0.02340586856007576
1369,2025-05-02 02:00:00,0.023279888555407524
1370,2025-05-02 03:00:00,0.023357033729553223
1371,2025-05-02 04:00:00,0.023264825344085693
1372,2025-05-02 05:00:00,0.02314160205423832
1373,2025-05-02 06:00:00,0.02314041368663311
1374,2025-05-02 07:00:00,0.022867674008011818
1375,2025-05-02 08:00:00,0.023252343758940697
1376,2025-05-02 09:00:00,0.02333194762468338
1377,2025-05-02 10:00:00,0.02350383624434471
1378,2025-05-02 11:00:00,0.023236067965626717
1379,2025-05-02 12:00:00,0.022826794534921646
1380,2025-05-02 13:00:00,0.0229689609259367
1381,2025-05-02 14:00:00,0.022647198289632797
1382,2025-05-02 15:00:00,0.022968176752328873
1383,2025-05-02 16:00:00,0.023141182959079742
1384,2025-05-02 17:00:00,0.023277178406715393
1385,2025-05-02 18:00:00,0.022774163633584976
1386,2025-05-02 19:00:00,0.022897981107234955
1387,2025-05-02 20:00:00,0.023080764338374138
1388,2025-05-02 21:00:00,0.022804394364356995
1389,2025-05-02 22:00:00,0.022813357412815094
1390,2025-05-02 23:00:00,0.023204678669571877
1391,2025-05-03 00:00:00,0.02317090705037117
1392,2025-05-03 01:00:00,0.02271304652094841
1393,2025-05-03 02:00:00,0.022600360214710236
1394,2025-05-03 03:00:00,0.022798575460910797
1395,2025-05-03 04:00:00,0.022724676877260208
1396,2025-05-03 05:00:00,0.022253410890698433
1397,2025-05-03 06:00:00,0.022667117416858673
1398,2025-05-03 07:00:00,0.022593175992369652
1399,2025-05-03 08:00:00,0.02317523956298828
1400,2025-05-03 09:00:00,0.023277493193745613
1401,2025-05-03 10:00:00,0.02327761799097061
1402,2025-05-03 11:00:00,0.02356681600213051
1403,2025-05-03 12:00:00,0.023425746709108353
1404,2025-05-03 13:00:00,0.023871909826993942
1405,2025-05-03 14:00:00,0.024164587259292603
1406,2025-05-03 15:00:00,0.02416282519698143
1407,2025-05-03 16:00:00,0.023618822917342186
1408,2025-05-03 17:00:00,0.02365485578775406
1409,2025-05-03 18:00:00,0.023564886301755905
1410,2025-05-03 19:00:00,0.023638028651475906
1411,2025-05-03 20:00:00,0.0235280841588974
1412,2025-05-03 21:00:00,0.023491419851779938
1413,2025-05-03 22:00:00,0.023462720215320587
1414,2025-05-03 23:00:00,0.023679276928305626
1415,2025-05-04 00:00:00,0.023356346413493156
1416,2025-05-04 01:00:00,0.02327621914446354
1417,2025-05-04 02:00:00,0.02344638668000698
1418,2025-05-04 03:00:00,0.023611096665263176
1419,2025-05-04 04:00:00,0.02331763133406639
1420,2025-05-04 05:00:00,0.023396771401166916
1421,2025-05-04 06:00:00,0.02342735417187214
1422,2025-05-04 07:00:00,0.02345944568514824
1423,2025-05-04 08:00:00,0.023639746010303497
1424,2025-05-04 09:00:00,0.023372508585453033
1425,2025-05-04 10:00:00,0.02386968955397606
1426,2025-05-04 11:00:00,0.023418104276061058
1427,2025-05-04 12:00:00,0.023869916796684265
1428,2025-05-04 13:00:00,0.023930082097649574
1429,2025-05-04 14:00:00,0.024005141109228134
1430,2025-05-04 15:00:00,0.02385082095861435
1431,2025-05-04 16:00:00,0.023457061499357224
1432,2025-05-04 17:00:00,0.02352013811469078
1433,2025-05-04 18:00:00,0.0235980823636055
1434,2025-05-04 19:00:00,0.02359209954738617
1435,2025-05-04 20:00:00,0.02359783835709095
1436,2025-05-04 21:00:00,0.023976009339094162
1437,2025-05-04 22:00:00,0.023799216374754906
1438,2025-05-04 23:00:00,0.023665711283683777
1439,2025-05-05 00:00:00,0.02431963011622429
1440,2025-05-05 01:00:00,0.02420932799577713
1441,2025-05-05 02:00:00,0.023967795073986053
1442,2025-05-05 03:00:00,0.02383928932249546
1443,2025-05-05 04:00:00,0.023974398151040077
1444,2025-05-05 05:00:00,0.023791922256350517
1445,2025-05-05 06:00:00,0.024210572242736816
1446,2025-05-05 07:00:00,0.02418464794754982
1447,2025-05-05 08:00:00,0.023767268285155296
1448,2025-05-05 09:00:00,0.023722153156995773
1449,2025-05-05 10:00:00,0.023555371910333633
1450,2025-05-05 11:00:00,0.02360985428094864
1451,2025-05-05 12:00:00,0.02381596714258194
1452,2025-05-05 13:00:00,0.02385322004556656
1453,2025-05-05 14:00:00,0.023466045036911964
1454,2025-05-05 15:00:00,0.023261914029717445
1455,2025-05-05 16:00:00,0.02335062250494957
1456,2025-05-05 17:00:00,0.02313900552690029
1457,2025-05-05 18:00:00,0.02311350405216217
1458,2025-05-05 19:00:00,0.02340107038617134
1459,2025-05-05 20:00:00,0.02363036386668682
1460,2025-05-05 21:00:00,0.023333804681897163
1461,2025-05-05 22:00:00,0.023290622979402542
1462,2025-05-05 23:00:00,0.023260317742824554
1463,2025-05-06 00:00:00,0.022961847484111786
1464,2025-05-06 01:00:00,0.02325400710105896
1465,2025-05-06 02:00:00,0.023511512205004692
1466,2025-05-06 03:00:00,0.023437798023223877
1467,2025-05-06 04:00:00,0.02352181449532509
1468,2025-05-06 05:00:00,0.023723935708403587
1469,2025-05-06 06:00:00,0.02334047481417656
1470,2025-05-06 07:00:00,0.02349269948899746
1471,2025-05-06 08:00:00,0.023173144087195396
1472,2025-05-06 09:00:00,0.023323431611061096
1473,2025-05-06 10:00:00,0.023556312546133995
1474,2025-05-06 11:00:00,0.023603186011314392
1475,2025-05-06 12:00:00,0.02382216602563858
1476,2025-05-06 13:00:00,0.02365632727742195
1477,2025-05-06 14:00:00,0.023447919636964798
1478,2025-05-06 15:00:00,0.02307627536356449
1479,2025-05-06 16:00:00,0.02344800904393196
1480,2025-05-06 17:00:00,0.02344231680035591
1481,2025-05-06 18:00:00,0.023527901619672775
1482,2025-05-06 19:00:00,0.023316018283367157
1483,2025-05-06 20:00:00,0.02373599074780941
1484,2025-05-06 21:00:00,0.023495497182011604
1485,2025-05-06 22:00:00,0.023328326642513275
1486,2025-05-06 23:00:00,0.02325277030467987
1487,2025-05-07 00:00:00,0.023394817486405373
1488,2025-05-07 01:00:00,0.023524675518274307
1489,2025-05-07 02:00:00,0.023619109764695168
1490,2025-05-07 03:00:00,0.023622259497642517
1491,2025-05-07 04:00:00,0.023680806159973145
1492,2025-05-07 05:00:00,0.0238391924649477
1493,2025-05-07 06:00:00,0.023496361449360847
1494,2025-05-07 07:00:00,0.023773401975631714
1495,2025-05-07 08:00:00,0.023732760921120644
1496,2025-05-07 09:00:00,0.02364414930343628
1497,2025-05-07 10:00:00,0.02370709739625454
1498,2025-05-07 11:00:00,0.02386740781366825
1499,2025-05-07 12:00:00,0.024095281958580017
1500,2025-05-07 13:00:00,0.024027392268180847
1501,2025-05-07 14:00:00,0.02427843026816845
1502,2025-05-07 15:00:00,0.024143198505043983
1503,2025-05-07 16:00:00,0.023703470826148987
1504,2025-05-07 17:00:00,0.023740092292428017
1505,2025-05-07 18:00:00,0.023660853505134583
1506,2025-05-07 19:00:00,0.023908721283078194
1507,2025-05-07 20:00:00,0.02391449734568596
1508,2025-05-07 21:00:00,0.02400658279657364
1509,2025-05-07 22:00:00,0.024151520803570747
1510,2025-05-07 23:00:00,0.02353479154407978
1511,2025-05-08 00:00:00,0.024381624534726143
1512,2025-05-08 01:00:00,0.02415355108678341
1513,2025-05-08 02:00:00,0.023803841322660446
1514,2025-05-08 03:00:00,0.023784007877111435
1515,2025-05-08 04:00:00,0.024106545373797417
1516,2025-05-08 05:00:00,0.024313731119036674
1517,2025-05-08 06:00:00,0.024513235315680504
1518,2025-05-08 07:00:00,0.024254074320197105
1519,2025-05-08 08:00:00,0.023947522044181824
1520,2025-05-08 09:00:00,0.023982500657439232
1521,2025-05-08 10:00:00,0.024158664047718048
1522,2025-05-08 11:00:00,0.023944169282913208
1523,2025-05-08 12:00:00,0.023953469470143318
1524,2025-05-08 13:00:00,0.023885102942585945
1525,2025-05-08 14:00:00,0.024037882685661316
1526,2025-05-08 15:00:00,0.024172265082597733
1527,2025-05-08 16:00:00,0.024393389001488686
1528,2025-05-08 17:00:00,0.02387961745262146
1529,2025-05-08 18:00:00,0.023627394810318947
1530,2025-05-08 19:00:00,0.023750299587845802
1531,2025-05-08 20:00:00,0.02349448949098587
1532,2025-05-08 21:00:00,0.0232623852789402
1533,2025-05-08 22:00:00,0.02391635999083519
1534,2025-05-08 23:00:00,0.02382437139749527
1535,2025-05-09 00:00:00,0.023864708840847015
1536,2025-05-09 01:00:00,0.023898623883724213
1537,2025-05-09 02:00:00,0.023847324773669243
1538,2025-05-09 03:00:00,0.02364237606525421
1539,2025-05-09 04:00:00,0.02360539510846138
1540,2025-05-09 05:00:00,0.0240628719329834
1541,2025-05-09 06:00:00,0.024112382903695107
1542,2025-05-09 07:00:00,0.024477940052747726
1543,2025-05-09 08:00:00,0.02411552518606186
1544,2025-05-09 09:00:00,0.023961924016475677
1545,2025-05-09 10:00:00,0.024420330300927162
1546,2025-05-09 11:00:00,0.02489343285560608
1547,2025-05-09 12:00:00,0.024424992501735687
1548,2025-05-09 13:00:00,0.0243374090641737
1549,2025-05-09 14:00:00,0.02449006773531437
1550,2025-05-09 15:00:00,0.024186329916119576
1551,2025-05-09 16:00:00,0.02443099021911621
1552,2025-05-09 17:00:00,0.024792928248643875
1553,2025-05-09 18:00:00,0.024733638390898705
1554,2025-05-09 19:00:00,0.025176674127578735
1555,2025-05-09 20:00:00,0.025109758600592613
1556,2025-05-09 21:00:00,0.025436384603381157
1557,2025-05-09 22:00:00,0.02525564283132553
1558,2025-05-09 23:00:00,0.025142312049865723
1559,2025-05-10 00:00:00,0.024893054738640785
1560,2025-05-10 01:00:00,0.025042084977030754
1561,2025-05-10 02:00:00,0.024593085050582886
1562,2025-05-10 03:00:00,0.024594126269221306
1563,2025-05-10 04:00:00,0.024474678561091423
1564,2025-05-10 05:00:00,0.02461337298154831
1565,2025-05-10 06:00:00,0.024958042427897453
1566,2025-05-10 07:00:00,0.02488931454718113
1567,2025-05-10 08:00:00,0.02466130070388317
1568,2025-05-10 09:00:00,0.02501293458044529
1569,2025-05-10 10:00:00,0.02503044717013836
1570,2025-05-10 11:00:00,0.024772794917225838
1571,2025-05-10 12:00:00,0.024791456758975983
1572,2025-05-10 13:00:00,0.024450529366731644
1573,2025-05-10 14:00:00,0.024871421977877617
1574,2025-05-10 15:00:00,0.024600448086857796
1575,2025-05-10 16:00:00,0.024677997455000877
1576,2025-05-10 17:00:00,0.02463575452566147
1577,2025-05-10 18:00:00,0.0244932621717453
1578,2025-05-10 19:00:00,0.024720940738916397
1579,2025-05-10 20:00:00,0.02446410246193409
1580,2025-05-10 21:00:00,0.0249136071652174
1581,2025-05-10 22:00:00,0.024539584293961525
1582,2025-05-10 23:00:00,0.02468075416982174
1583,2025-05-11 00:00:00,0.025064555928111076
1584,2025-05-11 01:00:00,0.024957744404673576
1585,2025-05-11 02:00:00,0.024906756356358528
1586,2025-05-11 03:00:00,0.025182094424962997
1587,2025-05-11 04:00:00,0.02540372498333454
1588,2025-05-11 05:00:00,0.024903953075408936
1589,2025-05-11 06:00:00,0.02507093921303749
1590,2025-05-11 07:00:00,0.0253826305270195
1591,2025-05-11 08:00:00,0.025602415204048157
1592,2025-05-11 09:00:00,0.02543884702026844
1593,2025-05-11 10:00:00,0.025054562836885452
1594,2025-05-11 11:00:00,0.025282669812440872
1595,2025-05-11 12:00:00,0.02566564828157425
1596,2025-05-11 13:00:00,0.025545557960867882
1597,2025-05-11 14:00:00,0.02567582204937935
1598,2025-05-11 15:00:00,0.02565028704702854
1599,2025-05-11 16:00:00,0.026356082409620285
1600,2025-05-11 17:00:00,0.026781130582094193
1601,2025-05-11 18:00:00,0.026539884507656097
1602,2025-05-11 19:00:00,0.0266567375510931
1603,2025-05-11 20:00:00,0.026347585022449493
1604,2025-05-11 21:00:00,0.02626577578485012
1605,2025-05-11 22:00:00,0.026091501116752625
1606,2025-05-11 23:00:00,0.026262590661644936
1607,2025-05-12 00:00:00,0.025879930704832077
1608,2025-05-12 01:00:00,0.026202864944934845
1609,2025-05-12 02:00:00,0.026286903768777847
1610,2025-05-12 03:00:00,0.02616688422858715
1611,2025-05-12 04:00:00,0.026663441210985184
1612,2025-05-12 05:00:00,0.02653179131448269
1613,2025-05-12 06:00:00,0.026650013402104378
1614,2025-05-12 07:00:00,0.026669252663850784
1615,2025-05-12 08:00:00,0.026220643892884254
1616,2025-05-12 09:00:00,0.02614656463265419
1617,2025-05-12 10:00:00,0.02600669115781784
1618,2025-05-12 11:00:00,0.026087911799550056
1619,2025-05-12 12:00:00,0.025855334475636482
1620,2025-05-12 13:00:00,0.026268431916832924
1621,2025-05-12 14:00:00,0.026697631925344467
1622,2025-05-12 15:00:00,0.026753537356853485
1623,2025-05-12 16:00:00,0.026491673663258553
1624,2025-05-12 17:00:00,0.026562638580799103
1625,2025-05-12 18:00:00,0.026721976697444916
1626,2025-05-12 19:00:00,0.026458948850631714
1627,2025-05-12 20:00:00,0.026586079970002174
1628,2025-05-12 21:00:00,0.02635401114821434
1629,2025-05-12 22:00:00,0.026317814365029335
1630,2025-05-12 23:00:00,0.026284903287887573
1631,2025-05-13 00:00:00,0.0263135377317667
1632,2025-05-13 01:00:00,0.026493798941373825
1633,2025-05-13 02:00:00,0.026358265429735184
1634,2025-05-13 03:00:00,0.026663057506084442
1635,2025-05-13 04:00:00,0.02632230520248413
1636,2025-05-13 05:00:00,0.02676035463809967
1637,2025-05-13 06:00:00,0.02655789442360401
1638,2025-05-13 07:00:00,0.026891106739640236
1639,2025-05-13 08:00:00,0.026837067678570747
1640,2025-05-13 09:00:00,0.026714392006397247
1641,2025-05-13 10:00:00,0.026333296671509743
1642,2025-05-13 11:00:00,0.026598040014505386
1643,2025-05-13 12:00:00,0.026754964143037796
1644,2025-05-13 13:00:00,0.026807624846696854
1645,2025-05-13 14:00:00,0.026985185220837593
1646,2025-05-13 15:00:00,0.02680833265185356
1647,2025-05-13 16:00:00,0.02659147046506405
1648,2025-05-13 17:00:00,0.026529626920819283
1649,2025-05-13 18:00:00,0.026575634256005287
1650,2025-05-13 19:00:00,0.02642066776752472
1651,2025-05-13 20:00:00,0.026172779500484467
1652,2025-05-13 21:00:00,0.02618035487830639
1653,2025-05-13 22:00:00,0.0266868956387043
1654,2025-05-13 23:00:00,0.02681320160627365
1655,2025-05-14 00:00:00,0.02683812938630581
1656,2025-05-14 01:00:00,0.02615930326282978
1657,2025-05-14 02:00:00,0.026079721748828888
1658,2025-05-14 03:00:00,0.0260259211063385
1659,2025-05-14 04:00:00,0.026725616306066513
1660,2025-05-14 05:00:00,0.026543229818344116
1661,2025-05-14 06:00:00,0.026843886822462082
1662,2025-05-14 07:00:00,0.02648693323135376
1663,2025-05-14 08:00:00,0.026499522849917412
1664,2025-05-14 09:00:00,0.026104852557182312
1665,2025-05-14 10:00:00,0.02610248513519764
1666,2025-05-14 11:00:00,0.025881541892886162
1667,2025-05-14 12:00:00,0.026476245373487473
1668,2025-05-14 13:00:00,0.026838794350624084
1669,2025-05-14 14:00:00,0.027088042348623276
1670,2025-05-14 15:00:00,0.026698444038629532
1671,2025-05-14 16:00:00,0.02663738653063774
1672,2025-05-14 17:00:00,0.026065785437822342
1673,2025-05-14 18:00:00,0.026021020486950874
1674,2025-05-14 19:00:00,0.026306811720132828
1675,2025-05-14 20:00:00,0.026237932965159416
1676,2025-05-14 21:00:00,0.02614765614271164
1677,2025-05-14 22:00:00,0.025965796783566475
1678,2025-05-14 23:00:00,0.026065723970532417
1679,2025-05-15 00:00:00,0.02609594166278839
1680,2025-05-15 01:00:00,0.02595793642103672
1681,2025-05-15 02:00:00,0.026505297049880028
1682,2025-05-15 03:00:00,0.026133880019187927
1683,2025-05-15 04:00:00,0.025947725400328636
1684,2025-05-15 05:00:00,0.026338716968894005
1685,2025-05-15 06:00:00,0.02622692659497261
1686,2025-05-15 07:00:00,0.0267120860517025
1687,2025-05-15 08:00:00,0.026749277487397194
1688,2025-05-15 09:00:00,0.02661127969622612
1689,2025-05-15 10:00:00,0.02674485556781292
1690,2025-05-15 11:00:00,0.026649896055459976
1691,2025-05-15 12:00:00,0.026365790516138077
1692,2025-05-15 13:00:00,0.026640167459845543
1693,2025-05-15 14:00:00,0.026408661156892776
1694,2025-05-15 15:00:00,0.02651790715754032
1695,2025-05-15 16:00:00,0.026528503745794296
1696,2025-05-15 17:00:00,0.02649308554828167
1697,2025-05-15 18:00:00,0.026548242196440697
1698,2025-05-15 19:00:00,0.026726363226771355
1699,2025-05-15 20:00:00,0.02681584842503071
1700,2025-05-15 21:00:00,0.026338672265410423
1701,2025-05-15 22:00:00,0.026348929852247238
1702,2025-05-15 23:00:00,0.026285575702786446
1703,2025-05-16 00:00:00,0.026266787201166153
1704,2025-05-16 01:00:00,0.026435041800141335
1705,2025-05-16 02:00:00,0.026695434004068375
1706,2025-05-16 03:00:00,0.02659604512155056
1707,2025-05-16 04:00:00,0.02631017565727234
1708,2025-05-16 05:00:00,0.026365775614976883
1709,2025-05-16 06:00:00,0.026366520673036575
1710,2025-05-16 07:00:00,0.02691243216395378
1711,2025-05-16 08:00:00,0.026346925646066666
1712,2025-05-16 09:00:00,0.02612471580505371
1713,2025-05-16 10:00:00,0.026445843279361725
1714,2025-05-16 11:00:00,0.026646370068192482
1715,2025-05-16 12:00:00,0.026895951479673386
1716,2025-05-16 13:00:00,0.027111545205116272
1717,2025-05-16 14:00:00,0.02695157751441002
1718,2025-05-16 15:00:00,0.027534887194633484
1719,2025-05-16 16:00:00,0.027064019814133644
1720,2025-05-16 17:00:00,0.02694334089756012
1721,2025-05-16 18:00:00,0.027012141421437263
1722,2025-05-16 19:00:00,0.0271434485912323
1723,2025-05-16 20:00:00,0.027121651917696
1724,2025-05-16 21:00:00,0.026790190488100052
1725,2025-05-16 22:00:00,0.027216337621212006
1726,2025-05-16 23:00:00,0.026896346360445023
1727,2025-05-17 00:00:00,0.02696487307548523
1728,2025-05-17 01:00:00,0.026895491406321526
1729,2025-05-17 02:00:00,0.026959247887134552
1730,2025-05-17 03:00:00,0.026892179623246193
1731,2025-05-17 04:00:00,0.027143128216266632
1732,2025-05-17 05:00:00,0.026951080188155174
1733,2025-05-17 06:00:00,0.02719617262482643
1734,2025-05-17 07:00:00,0.026459358632564545
1735,2025-05-17 08:00:00,0.02638915181159973
1736,2025-05-17 09:00:00,0.026650065556168556
1737,2025-05-17 10:00:00,0.02679578959941864
1738,2025-05-17 11:00:00,0.026758361607789993
1739,2025-05-17 12:00:00,0.02695659175515175
1740,2025-05-17 13:00:00,0.026964005082845688
1741,2025-05-17 14:00:00,0.026878787204623222
1742,2025-05-17 15:00:00,0.027040787041187286
1743,2025-05-17 16:00:00,0.02672906219959259
1744,2025-05-17 17:00:00,0.026829954236745834
1745,2025-05-17 18:00:00,0.026745757088065147
1746,2025-05-17 19:00:00,0.02666538953781128
1747,2025-05-17 20:00:00,0.026976119726896286
1748,2025-05-17 21:00:00,0.026730243116617203
1749,2025-05-17 22:00:00,0.02651742286980152
1750,2025-05-17 23:00:00,0.02694638818502426
1751,2025-05-18 00:00:00,0.02669501304626465
1752,2025-05-18 01:00:00,0.0267208032310009
1753,2025-05-18 02:00:00,0.02651296928524971
1754,2025-05-18 03:00:00,0.02661450393497944
1755,2025-05-18 04:00:00,0.026607312262058258
1756,2025-05-18 05:00:00,0.02683345414698124
1757,2025-05-18 06:00:00,0.026384998112916946
1758,2025-05-18 07:00:00,0.02650802582502365
1759,2025-05-18 08:00:00,0.02658456563949585
1760,2025-05-18 09:00:00,0.02686358243227005
1761,2025-05-18 10:00:00,0.026930324733257294
1762,2025-05-18 11:00:00,0.026890553534030914
1763,2025-05-18 12:00:00,0.027155812829732895
1764,2025-05-18 13:00:00,0.027120240032672882
1765,2025-05-18 14:00:00,0.027213338762521744
1766,2025-05-18 15:00:00,0.027268553152680397
1767,2025-05-18 16:00:00,0.027507007122039795
1768,2025-05-18 17:00:00,0.02757185511291027
1769,2025-05-18 18:00:00,0.027363575994968414
1770,2025-05-18 19:00:00,0.02722587063908577
1771,2025-05-18 20:00:00,0.02740592509508133
1772,2025-05-18 21:00:00,0.027331413701176643
1773,2025-05-18 22:00:00,0.027209725230932236
1774,2025-05-18 23:00:00,0.0273074172437191
1775,2025-05-19 00:00:00,0.02710062451660633
1776,2025-05-19 01:00:00,0.027415292337536812
1777,2025-05-19 02:00:00,0.02750975824892521
1778,2025-05-19 03:00:00,0.027456503361463547
1779,2025-05-19 04:00:00,0.027032896876335144
1780,2025-05-19 05:00:00,0.02748784050345421
1781,2025-05-19 06:00:00,0.027344608679413795
1782,2025-05-19 07:00:00,0.027265239506959915
1783,2025-05-19 08:00:00,0.027410680428147316
1784,2025-05-19 09:00:00,0.027510998770594597
1785,2025-05-19 10:00:00,0.027271291241049767
1786,2025-05-19 11:00:00,0.027564264833927155
1787,2025-05-19 12:00:00,0.027247752994298935
1788,2025-05-19 13:00:00,0.027244245633482933
1789,2025-05-19 14:00:00,0.027188992127776146
1790,2025-05-19 15:00:00,0.0269920714199543
1791,2025-05-19 16:00:00,0.027213243767619133
1792,2025-05-19 17:00:00,0.027244053781032562
1793,2025-05-19 18:00:00,0.027130329981446266
1794,2025-05-19 19:00:00,0.027339421212673187
1795,2025-05-19 20:00:00,0.02759651280939579
1796,2025-05-19 21:00:00,0.027509406208992004
1797,2025-05-19 22:00:00,0.0274669136852026
1798,2025-05-19 23:00:00,0.027146384119987488
1799,2025-05-20 00:00:00,0.02674667164683342
1800,2025-05-20 01:00:00,0.027492381632328033
1801,2025-05-20 02:00:00,0.027317384257912636
1802,2025-05-20 03:00:00,0.027917567640542984
1803,2025-05-20 04:00:00,0.027952779084444046
1804,2025-05-20 05:00:00,0.02770627662539482
1805,2025-05-20 06:00:00,0.027386626228690147
1806,2025-05-20 07:00:00,0.027305258437991142
1807,2025-05-20 08:00:00,0.027402807027101517
1808,2025-05-20 09:00:00,0.0273134708404541
1809,2025-05-20 10:00:00,0.027378881350159645
1810,2025-05-20 11:00:00,0.027371903881430626
1811,2025-05-20 12:00:00,0.027427298948168755
1812,2025-05-20 13:00:00,0.027483006939291954
1813,2025-05-20 14:00:00,0.026921957731246948
1814,2025-05-20 15:00:00,0.027427371591329575
1815,2025-05-20 16:00:00,0.02736733853816986
1816,2025-05-20 17:00:00,0.027065357193350792
1817,2025-05-20 18:00:00,0.027269745245575905
1818,2025-05-20 19:00:00,0.027272604405879974
1819,2025-05-20 20:00:00,0.027195880189538002
1820,2025-05-20 21:00:00,0.02749401330947876
1821,2025-05-20 22:00:00,0.027539754286408424
1822,2025-05-20 23:00:00,0.027544191107153893
1823,2025-05-21 00:00:00,0.02789320982992649
1824,2025-05-21 01:00:00,0.028057826682925224
1825,2025-05-21 02:00:00,0.02817501127719879
1826,2025-05-21 03:00:00,0.027778923511505127
1827,2025-05-21 04:00:00,0.027991585433483124
1828,2025-05-21 05:00:00,0.027927929535508156
1829,2025-05-21 06:00:00,0.027582792565226555
1830,2025-05-21 07:00:00,0.028065914288163185
1831,2025-05-21 08:00:00,0.027881136164069176
1832,2025-05-21 09:00:00,0.027583273127675056
1833,2025-05-21 10:00:00,0.027101650834083557
1834,2025-05-21 11:00:00,0.027704501524567604
1835,2025-05-21 12:00:00,0.027705896645784378
1836,2025-05-21 13:00:00,0.028041867539286613
1837,2025-05-21 14:00:00,0.027555221691727638
1838,2025-05-21 15:00:00,0.02745472453534603
1839,2025-05-21 16:00:00,0.028058581054210663
1840,2025-05-21 17:00:00,0.027663687244057655
1841,2025-05-21 18:00:00,0.02741253562271595
1842,2025-05-21 19:00:00,0.027510732412338257
1843,2025-05-21 20:00:00,0.02754410170018673
1844,2025-05-21 21:00:00,0.027123816311359406
1845,2025-05-21 22:00:00,0.02748996950685978
1846,2025-05-21 23:00:00,0.027362875640392303
1847,2025-05-22 00:00:00,0.027646346017718315
1848,2025-05-22 01:00:00,0.027765143662691116
1849,2025-05-22 02:00:00,0.027766074985265732
1850,2025-05-22 03:00:00,0.02760705165565014
1851,2025-05-22 04:00:00,0.027602866291999817
1852,2025-05-22 05:00:00,0.027461256831884384
1853,2025-05-22 06:00:00,0.027780093252658844
1854,2025-05-22 07:00:00,0.02816534973680973
1855,2025-05-22 08:00:00,0.02771867997944355
1856,2025-05-22 09:00:00,0.027878275141119957
1857,2025-05-22 10:00:00,0.027679065242409706
1858,2025-05-22 11:00:00,0.028030527755618095
1859,2025-05-22 12:00:00,0.02807827852666378
1860,2025-05-22 13:00:00,0.02758384309709072
1861,2025-05-22 14:00:00,0.027511199936270714
1862,2025-05-22 15:00:00,0.027545897290110588
1863,2025-05-22 16:00:00,0.027829406782984734
1864,2025-05-22 17:00:00,0.02756112441420555
1865,2025-05-22 18:00:00,0.028266577050089836
1866,2025-05-22 19:00:00,0.028105514124035835
1867,2025-05-22 20:00:00,0.02831653691828251
1868,2025-05-22 21:00:00,0.02811829373240471
1869,2025-05-22 22:00:00,0.027900241315364838
1870,2025-05-22 23:00:00,0.028127597644925117
1871,2025-05-23 00:00:00,0.028306221589446068
1872,2025-05-23 01:00:00,0.027899175882339478
1873,2025-05-23 02:00:00,0.02795964851975441
1874,2025-05-23 03:00:00,0.02821316011250019
1875,2025-05-23 04:00:00,0.02804243564605713
1876,2025-05-23 05:00:00,0.027959706261754036
1877,2025-05-23 06:00:00,0.02786494791507721
1878,2025-05-23 07:00:00,0.027910547330975533
1879,2025-05-23 08:00:00,0.027556313201785088
1880,2025-05-23 09:00:00,0.0278212521225214
1881,2025-05-23 10:00:00,0.02767600491642952
1882,2025-05-23 11:00:00,0.02780701033771038
1883,2025-05-23 12:00:00,0.02824445441365242
1884,2025-05-23 13:00:00,0.028058120980858803
1885,2025-05-23 14:00:00,0.028155971318483353
1886,2025-05-23 15:00:00,0.02769024297595024
1887,2025-05-23 16:00:00,0.027568388730287552
1888,2025-05-23 17:00:00,0.02796023152768612
1889,2025-05-23 18:00:00,0.02790006436407566
1890,2025-05-23 19:00:00,0.027129188179969788
1891,2025-05-23 20:00:00,0.02754870057106018
1892,2025-05-23 21:00:00,0.02768012508749962
1893,2025-05-23 22:00:00,0.027660470455884933
1894,2025-05-23 23:00:00,0.02761124074459076
1895,2025-05-24 00:00:00,0.02752935141324997
1896,2025-05-24 01:00:00,0.027598939836025238
1897,2025-05-24 02:00:00,0.027316363528370857
1898,2025-05-24 03:00:00,0.027519049122929573
1899,2025-05-24 04:00:00,0.02754160761833191
1900,2025-05-24 05:00:00,0.02783012017607689
1901,2025-05-24 06:00:00,0.027881888672709465
1902,2025-05-24 07:00:00,0.02796144410967827
1903,2025-05-24 08:00:00,0.027991868555545807
1904,2025-05-24 09:00:00,0.027987271547317505
1905,2025-05-24 10:00:00,0.028126884251832962
1906,2025-05-24 11:00:00,0.028172938153147697
1907,2025-05-24 12:00:00,0.028026927262544632
1908,2025-05-24 13:00:00,0.027980968356132507
1909,2025-05-24 14:00:00,0.027997037395834923
1910,2025-05-24 15:00:00,0.02826894447207451
1911,2025-05-24 16:00:00,0.02771024964749813
1912,2025-05-24 17:00:00,0.02766057290136814
1913,2025-05-24 18:00:00,0.02835254929959774
1914,2025-05-24 19:00:00,0.028819438070058823
1915,2025-05-24 20:00:00,0.02864566631615162
1916,2025-05-24 21:00:00,0.028391586616635323
1917,2025-05-24 22:00:00,0.028635118156671524
1918,2025-05-24 23:00:00,0.02874605543911457
1919,2025-05-25 00:00:00,0.028908761218190193
1920,2025-05-25 01:00:00,0.028788432478904724
1921,2025-05-25 02:00:00,0.028634611517190933
1922,2025-05-25 03:00:00,0.028373131528496742
1923,2025-05-25 04:00:00,0.028278743848204613
1924,2025-05-25 05:00:00,0.028255479410290718
1925,2025-05-25 06:00:00,0.0283708143979311
1926,2025-05-25 07:00:00,0.02836449071764946
1927,2025-05-25 08:00:00,0.02810906432569027
1928,2025-05-25 09:00:00,0.0284385085105896
1929,2025-05-25 10:00:00,0.02848784066736698
1930,2025-05-25 11:00:00,0.02884780243039131
1931,2025-05-25 12:00:00,0.028913917019963264
1932,2025-05-25 13:00:00,0.02911565639078617
1933,2025-05-25 14:00:00,0.02858062833547592
1934,2025-05-25 15:00:00,0.028561409562826157
1935,2025-05-25 16:00:00,0.028607947751879692
1936,2025-05-25 17:00:00,0.02886056713759899
1937,2025-05-25 18:00:00,0.02863399311900139
1938,2025-05-25 19:00:00,0.028431911021471024
1939,2025-05-25 20:00:00,0.029215266928076744
1940,2025-05-25 21:00:00,0.029032206162810326
1941,2025-05-25 22:00:00,0.028923721984028816
1942,2025-05-25 23:00:00,0.029128581285476685
1943,2025-05-26 00:00:00,0.028674257919192314
1944,2025-05-26 01:00:00,0.028922636061906815
1945,2025-05-26 02:00:00,0.02891736477613449
1946,2025-05-26 03:00:00,0.02858593873679638
1947,2025-05-26 04:00:00,0.02823868952691555
1948,2025-05-26 05:00:00,0.02804080955684185
1949,2025-05-26 06:00:00,0.028137268498539925
1950,2025-05-26 07:00:00,0.02823902666568756
1951,2025-05-26 08:00:00,0.028484078124165535
1952,2025-05-26 09:00:00,0.0285097174346447
1953,2025-05-26 10:00:00,0.028055362403392792
1954,2025-05-26 11:00:00,0.02840099111199379
1955,2025-05-26 12:00:00,0.028244704008102417
1956,2025-05-26 13:00:00,0.028128167614340782
1957,2025-05-26 14:00:00,0.028289204463362694
1958,2025-05-26 15:00:00,0.02861558459699154
1959,2025-05-26 16:00:00,0.02858457714319229
1960,2025-05-26 17:00:00,0.028628956526517868
1961,2025-05-26 18:00:00,0.028762878850102425
1962,2025-05-26 19:00:00,0.02864965796470642
1963,2025-05-26 20:00:00,0.02845931053161621
1964,2025-05-26 21:00:00,0.028563644737005234
1965,2025-05-26 22:00:00,0.02858165092766285
1966,2025-05-26 23:00:00,0.028799425810575485
1967,2025-05-27 00:00:00,0.02883477509021759
1968,2025-05-27 01:00:00,0.02867160737514496
1969,2025-05-27 02:00:00,0.028614426031708717
1970,2025-05-27 03:00:00,0.028293361887335777
1971,2025-05-27 04:00:00,0.028439903631806374
1972,2025-05-27 05:00:00,0.028574436902999878
1973,2025-05-27 06:00:00,0.028222180902957916
1974,2025-05-27 07:00:00,0.028519006446003914
1975,2025-05-27 08:00:00,0.028520530089735985
1976,2025-05-27 09:00:00,0.02864210680127144
1977,2025-05-27 10:00:00,0.028438597917556763
1978,2025-05-27 11:00:00,0.028348911553621292
1979,2025-05-27 12:00:00,0.02817237377166748
1980,2025-05-27 13:00:00,0.028423640877008438
1981,2025-05-27 14:00:00,0.028395269066095352
1982,2025-05-27 15:00:00,0.028493525460362434
1983,2025-05-27 16:00:00,0.027869734913110733
1984,2025-05-27 17:00:00,0.028584348037838936
1985,2025-05-27 18:00:00,0.02831590548157692
1986,2025-05-27 19:00:00,0.028394166380167007
1987,2025-05-27 20:00:00,0.028310611844062805
1988,2025-05-27 21:00:00,0.02806074544787407
1989,2025-05-27 22:00:00,0.028288356959819794
1990,2025-05-27 23:00:00,0.02843058854341507
1991,2025-05-28 00:00:00,0.02809872478246689
1992,2025-05-28 01:00:00,0.027726704254746437
1993,2025-05-28 02:00:00,0.027958478778600693
1994,2025-05-28 03:00:00,0.028185714036226273
1995,2025-05-28 04:00:00,0.028077999129891396
1996,2025-05-28 05:00:00,0.028106849640607834
1997,2025-05-28 06:00:00,0.02798071689903736
1998,2025-05-28 07:00:00,0.028067128732800484
1999,2025-05-28 08:00:00,0.028028929606080055
2000,2025-05-28 09:00:00,0.027996618300676346
2001,2025-05-28 10:00:00,0.028424041345715523
2002,2025-05-28 11:00:00,0.028258074074983597
2003,2025-05-28 12:00:00,0.02823498845100403
2004,2025-05-28 13:00:00,0.028347143903374672
2005,2025-05-28 14:00:00,0.02826748974621296
2006,2025-05-28 15:00:00,0.028590351343154907
2007,2025-05-28 16:00:00,0.02874593436717987
2008,2025-05-28 17:00:00,0.028695303946733475
2009,2025-05-28 18:00:00,0.028862444683909416
2010,2025-05-28 19:00:00,0.028698476031422615
2011,2025-05-28 20:00:00,0.029096147045493126
2012,2025-05-28 21:00:00,0.02879239432513714
2013,2025-05-28 22:00:00,0.028864795342087746
2014,2025-05-28 23:00:00,0.028973426669836044
2015,2025-05-29 00:00:00,0.02926148846745491
2016,2025-05-29 01:00:00,0.028891589492559433
2017,2025-05-29 02:00:00,0.029048917815089226
2018,2025-05-29 03:00:00,0.028812365606427193
2019,2025-05-29 04:00:00,0.028568420559167862
2020,2025-05-29 05:00:00,0.028895022347569466
2021,2025-05-29 06:00:00,0.028372537344694138
2022,2025-05-29 07:00:00,0.028770212084054947
2023,2025-05-29 08:00:00,0.02864772267639637
2024,2025-05-29 09:00:00,0.02810683660209179
2025,2025-05-29 10:00:00,0.02880905009806156
2026,2025-05-29 11:00:00,0.028606615960597992
2027,2025-05-29 12:00:00,0.028172213584184647
2028,2025-05-29 13:00:00,0.027878187596797943
2029,2025-05-29 14:00:00,0.02751277945935726
2030,2025-05-29 15:00:00,0.02826514281332493
2031,2025-05-29 16:00:00,0.028311867266893387
2032,2025-05-29 17:00:00,0.028238000348210335
2033,2025-05-29 18:00:00,0.028074176982045174
2034,2025-05-29 19:00:00,0.027864011004567146
2035,2025-05-29 20:00:00,0.027943551540374756
2036,2025-05-29 21:00:00,0.027918795123696327
2037,2025-05-29 22:00:00,0.02759326621890068
2038,2025-05-29 23:00:00,0.027907924726605415
2039,2025-05-30 00:00:00,0.02804648131132126
2040,2025-05-30 01:00:00,0.028249558061361313
2041,2025-05-30 02:00:00,0.027972977608442307
2042,2025-05-30 03:00:00,0.027479566633701324
2043,2025-05-30 04:00:00,0.02753196470439434
2044,2025-05-30 05:00:00,0.027382664382457733
2045,2025-05-30 06:00:00,0.02762872539460659
2046,2025-05-30 07:00:00,0.027671877294778824
2047,2025-05-30 08:00:00,0.027751242741942406
2048,2025-05-30 09:00:00,0.028207866474986076
2049,2025-05-30 10:00:00,0.02798737958073616
2050,2025-05-30 11:00:00,0.027473537251353264
2051,2025-05-30 12:00:00,0.027322983369231224
2052,2025-05-30 13:00:00,0.02805478125810623
2053,2025-05-30 14:00:00,0.027800947427749634
2054,2025-05-30 15:00:00,0.027810806408524513
2055,2025-05-30 16:00:00,0.02808244526386261
2056,2025-05-30 17:00:00,0.028044454753398895
2057,2025-05-30 18:00:00,0.028162606060504913
2058,2025-05-30 19:00:00,0.028378810733556747
2059,2025-05-30 20:00:00,0.028200039640069008
2060,2025-05-30 21:00:00,0.02872942015528679
2061,2025-05-30 22:00:00,0.028836000710725784
2062,2025-05-30 23:00:00,0.028332330286502838
2063,2025-05-31 00:00:00,0.027728307992219925
2064,2025-05-31 01:00:00,0.028357338160276413
2065,2025-05-31 02:00:00,0.02860225923359394
2066,2025-05-31 03:00:00,0.028181154280900955
2067,2025-05-31 04:00:00,0.028141869232058525
2068,2025-05-31 05:00:00,0.02806599624454975
2069,2025-05-31 06:00:00,0.0283524077385664
2070,2025-05-31 07:00:00,0.028488965705037117
2071,2025-05-31 08:00:00,0.028034009039402008
2072,2025-05-31 09:00:00,0.027888569980859756
2073,2025-05-31 10:00:00,0.027796326205134392
2074,2025-05-31 11:00:00,0.027793794870376587
2075,2025-05-31 12:00:00,0.028210317716002464
2076,2025-05-31 13:00:00,0.027904706075787544
2077,2025-05-31 14:00:00,0.028213737532496452
2078,2025-05-31 15:00:00,0.028089284896850586
2079,2025-05-31 16:00:00,0.028217406943440437
2080,2025-05-31 17:00:00,0.02823651023209095
2081,2025-05-31 18:00:00,0.028130311518907547
2082,2025-05-31 19:00:00,0.027816809713840485
2083,2025-05-31 20:00:00,0.028164096176624298
2084,2025-05-31 21:00:00,0.028174448758363724
2085,2025-05-31 22:00:00,0.028676100075244904
2086,2025-05-31 23:00:00,0.02851903811097145
2087,2025-06-01 00:00:00,0.028529955074191093
2088,2025-06-01 01:00:00,0.028371447697281837
2089,2025-06-01 02:00:00,0.02863641083240509
2090,2025-06-01 03:00:00,0.0283897016197443
2091,2025-06-01 04:00:00,0.028536418452858925
2092,2025-06-01 05:00:00,0.029005199670791626
2093,2025-06-01 06:00:00,0.0288110189139843
2094,2025-06-01 07:00:00,0.029031902551651
2095,2025-06-01 08:00:00,0.029048481956124306
2096,2025-06-01 09:00:00,0.02917933650314808
2097,2025-06-01 10:00:00,0.029067479074001312
2098,2025-06-01 11:00:00,0.029076552018523216
2099,2025-06-01 12:00:00,0.02907312847673893
2100,2025-06-01 13:00:00,0.029059957712888718
2101,2025-06-01 14:00:00,0.028921259567141533
2102,2025-06-01 15:00:00,0.028920786455273628
2103,2025-06-01 16:00:00,0.029048239812254906
2104,2025-06-01 17:00:00,0.02927168644964695
2105,2025-06-01 18:00:00,0.02920103818178177
2106,2025-06-01 19:00:00,0.02931341528892517
2107,2025-06-01 20:00:00,0.02918907254934311
2108,2025-06-01 21:00:00,0.029608217999339104
2109,2025-06-01 22:00:00,0.029135053977370262
2110,2025-06-01 23:00:00,0.02936001867055893
2111,2025-06-02 00:00:00,0.02934923768043518
2112,2025-06-02 01:00:00,0.028579065576195717
2113,2025-06-02 02:00:00,0.02904932200908661
2114,2025-06-02 03:00:00,0.02871665358543396
2115,2025-06-02 04:00:00,0.028757985681295395
2116,2025-06-02 05:00:00,0.0289614237844944
2117,2025-06-02 06:00:00,0.028599632903933525
2118,2025-06-02 07:00:00,0.028496136888861656
2119,2025-06-02 08:00:00,0.029064156115055084
2120,2025-06-02 09:00:00,0.029437631368637085
2121,2025-06-02 10:00:00,0.029420118778944016
2122,2025-06-02 11:00:00,0.029013557359576225
2123,2025-06-02 12:00:00,0.028974836692214012
2124,2025-06-02 13:00:00,0.028677895665168762
2125,2025-06-02 14:00:00,0.02876562997698784
2126,2025-06-02 15:00:00,0.028705134987831116
2127,2025-06-02 16:00:00,0.028976596891880035
2128,2025-06-02 17:00:00,0.02895156666636467
2129,2025-06-02 18:00:00,0.02843271754682064
2130,2025-06-02 19:00:00,0.028719477355480194
2131,2025-06-02 20:00:00,0.028925705701112747
2132,2025-06-02 21:00:00,0.029006928205490112
2133,2025-06-02 22:00:00,0.028732668608427048
2134,2025-06-02 23:00:00,0.028765317052602768
2135,2025-06-03 00:00:00,0.02875235676765442
2136,2025-06-03 01:00:00,0.028979580849409103
2137,2025-06-03 02:00:00,0.028517328202724457
2138,2025-06-03 03:00:00,0.02872992306947708
2139,2025-06-03 04:00:00,0.029134532436728477
2140,2025-06-03 05:00:00,0.029132187366485596
2141,2025-06-03 06:00:00,0.02891376242041588
2142,2025-06-03 07:00:00,0.02902357466518879
2143,2025-06-03 08:00:00,0.02867988869547844
2144,2025-06-03 09:00:00,0.029080193489789963
2145,2025-06-03 10:00:00,0.029300980269908905
2146,2025-06-03 11:00:00,0.029380779713392258
2147,2025-06-03 12:00:00,0.02941780909895897
2148,2025-06-03 13:00:00,0.02931341528892517
2149,2025-06-03 14:00:00,0.02948780730366707
2150,2025-06-03 15:00:00,0.02931518293917179
2151,2025-06-03 16:00:00,0.028993811458349228
2152,2025-06-03 17:00:00,0.02890625037252903
2153,2025-06-03 18:00:00,0.0290956050157547
2154,2025-06-03 19:00:00,0.029341910034418106
2155,2025-06-03 20:00:00,0.029047835618257523
2156,2025-06-03 21:00:00,0.02891376055777073
2157,2025-06-03 22:00:00,0.029009750112891197
2158,2025-06-03 23:00:00,0.028623290359973907
2159,2025-06-04 00:00:00,0.02873157523572445
2160,2025-06-04 01:00:00,0.029027866199612617
2161,2025-06-04 02:00:00,0.028895501047372818
2162,2025-06-04 03:00:00,0.02886894717812538
2163,2025-06-04 04:00:00,0.028676655143499374
2164,2025-06-04 05:00:00,0.028620444238185883
2165,2025-06-04 06:00:00,0.02866216003894806
2166,2025-06-04 07:00:00,0.02880692109465599
2167,2025-06-04 08:00:00,0.02892133593559265
2168,2025-06-04 09:00:00,0.028856074437499046
2169,2025-06-04 10:00:00,0.02868298441171646
2170,2025-06-04 11:00:00,0.028990188613533974
2171,2025-06-04 12:00:00,0.028432650491595268
2172,2025-06-04 13:00:00,0.028464851900935173
2173,2025-06-04 14:00:00,0.028522297739982605
2174,2025-06-04 15:00:00,0.028864776715636253
2175,2025-06-04 16:00:00,0.028350960463285446
2176,2025-06-04 17:00:00,0.028500258922576904
2177,2025-06-04 18:00:00,0.02820606343448162
2178,2025-06-04 19:00:00,0.02858736924827099
2179,2025-06-04 20:00:00,0.028109518811106682
2180,2025-06-04 21:00:00,0.02825077623128891
2181,2025-06-04 22:00:00,0.02879311703145504
2182,2025-06-04 23:00:00,0.028705261647701263
2183,2025-06-05 00:00:00,0.02852778136730194
2184,2025-06-05 01:00:00,0.028402283787727356
2185,2025-06-05 02:00:00,0.028300780802965164
2186,2025-06-05 03:00:00,0.02817395143210888
2187,2025-06-05 04:00:00,0.028026454150676727
2188,2025-06-05 05:00:00,0.02826007269322872
2189,2025-06-05 06:00:00,0.0281008780002594
