,forecast
2025-03-06 01:00:00,0.0193137526512146
2025-03-06 02:00:00,0.019195064902305603
2025-03-06 03:00:00,0.01887287199497223
2025-03-06 04:00:00,0.019550561904907227
2025-03-06 05:00:00,0.01877472549676895
2025-03-06 06:00:00,0.018635306507349014
2025-03-06 07:00:00,0.018688973039388657
2025-03-06 08:00:00,0.01877259649336338
2025-03-06 09:00:00,0.018372302874922752
2025-03-06 10:00:00,0.018275868147611618
2025-03-06 11:00:00,0.018345672637224197
2025-03-06 12:00:00,0.01820705458521843
2025-03-06 13:00:00,0.018665939569473267
2025-03-06 14:00:00,0.018631014972925186
2025-03-06 15:00:00,0.018081706017255783
2025-03-06 16:00:00,0.017983146011829376
2025-03-06 17:00:00,0.018600765615701675
2025-03-06 18:00:00,0.017984841018915176
2025-03-06 19:00:00,0.018218081444501877
2025-03-06 20:00:00,0.01802569068968296
2025-03-06 21:00:00,0.018255358561873436
2025-03-06 22:00:00,0.01831633225083351
2025-03-06 23:00:00,0.01800563931465149
2025-03-07 00:00:00,0.017578061670064926
2025-03-07 01:00:00,0.017885785549879074
2025-03-07 02:00:00,0.017715347930788994
2025-03-07 03:00:00,0.017432190477848053
2025-03-07 04:00:00,0.017612149938941002
2025-03-07 05:00:00,0.017548905685544014
2025-03-07 06:00:00,0.017580142244696617
2025-03-07 07:00:00,0.017572296783328056
2025-03-07 08:00:00,0.017974596470594406
2025-03-07 09:00:00,0.017774492502212524
2025-03-07 10:00:00,0.01774432696402073
2025-03-07 11:00:00,0.017608216032385826
2025-03-07 12:00:00,0.017555227503180504
2025-03-07 13:00:00,0.017466701567173004
2025-03-07 14:00:00,0.017677443102002144
2025-03-07 15:00:00,0.01766713708639145
2025-03-07 16:00:00,0.017951136454939842
2025-03-07 17:00:00,0.01766449213027954
2025-03-07 18:00:00,0.017940599471330643
2025-03-07 19:00:00,0.01785469986498356
2025-03-07 20:00:00,0.01778300479054451
2025-03-07 21:00:00,0.017678607255220413
2025-03-07 22:00:00,0.017713245004415512
2025-03-07 23:00:00,0.017574435099959373
2025-03-08 00:00:00,0.017682818695902824
2025-03-08 01:00:00,0.01792023330926895
2025-03-08 02:00:00,0.017832500860095024
2025-03-08 03:00:00,0.017694715410470963
2025-03-08 04:00:00,0.01775342784821987
2025-03-08 05:00:00,0.0178139079362154
2025-03-08 06:00:00,0.01756618171930313
2025-03-08 07:00:00,0.01748824492096901
2025-03-08 08:00:00,0.017464451491832733
2025-03-08 09:00:00,0.017640409991145134
2025-03-08 10:00:00,0.017723511904478073
2025-03-08 11:00:00,0.017709992825984955
2025-03-08 12:00:00,0.01768508367240429
2025-03-08 13:00:00,0.01780315488576889
2025-03-08 14:00:00,0.017726074904203415
2025-03-08 15:00:00,0.017689788714051247
2025-03-08 16:00:00,0.017716219648718834
2025-03-08 17:00:00,0.01780838891863823
2025-03-08 18:00:00,0.017922261729836464
2025-03-08 19:00:00,0.018031921237707138
2025-03-08 20:00:00,0.018141502514481544
2025-03-08 21:00:00,0.018412690609693527
2025-03-08 22:00:00,0.017863072454929352
2025-03-08 23:00:00,0.018182598054409027
2025-03-09 00:00:00,0.018173053860664368
2025-03-09 01:00:00,0.018224183470010757
2025-03-09 02:00:00,0.017970150336623192
2025-03-09 03:00:00,0.01799134351313114
2025-03-09 04:00:00,0.01803908497095108
2025-03-09 05:00:00,0.017979443073272705
2025-03-09 06:00:00,0.01824498176574707
2025-03-09 07:00:00,0.01844554767012596
2025-03-09 08:00:00,0.018226943910121918
2025-03-09 09:00:00,0.01822158321738243
2025-03-09 10:00:00,0.018062865361571312
2025-03-09 11:00:00,0.01819503866136074
2025-03-09 12:00:00,0.017894268035888672
2025-03-09 13:00:00,0.018089238554239273
2025-03-09 14:00:00,0.01799783669412136
2025-03-09 15:00:00,0.018119115382432938
2025-03-09 16:00:00,0.018054813146591187
2025-03-09 17:00:00,0.018354540690779686
2025-03-09 18:00:00,0.018263548612594604
2025-03-09 19:00:00,0.01838417537510395
2025-03-09 20:00:00,0.01837852969765663
2025-03-09 21:00:00,0.018241459503769875
2025-03-09 22:00:00,0.018177933990955353
2025-03-09 23:00:00,0.01797422207891941
2025-03-10 00:00:00,0.018067874014377594
2025-03-10 01:00:00,0.01822836324572563
2025-03-10 02:00:00,0.018180012702941895
2025-03-10 03:00:00,0.018224388360977173
2025-03-10 04:00:00,0.018240880221128464
2025-03-10 05:00:00,0.01872064732015133
2025-03-10 06:00:00,0.0183958001434803
2025-03-10 07:00:00,0.018833965063095093
2025-03-10 08:00:00,0.018994972109794617
2025-03-10 09:00:00,0.019106045365333557
2025-03-10 10:00:00,0.018754566088318825
2025-03-10 11:00:00,0.01886633224785328
2025-03-10 12:00:00,0.018803676590323448
2025-03-10 13:00:00,0.019019674509763718
2025-03-10 14:00:00,0.01912325993180275
2025-03-10 15:00:00,0.019126778468489647
2025-03-10 16:00:00,0.018772825598716736
2025-03-10 17:00:00,0.01847672648727894
2025-03-10 18:00:00,0.018728312104940414
2025-03-10 19:00:00,0.01876809634268284
2025-03-10 20:00:00,0.019012093544006348
2025-03-10 21:00:00,0.018538642674684525
2025-03-10 22:00:00,0.018518812954425812
2025-03-10 23:00:00,0.01894901506602764
2025-03-11 00:00:00,0.018658213317394257
2025-03-11 01:00:00,0.018737176433205605
2025-03-11 02:00:00,0.018494602292776108
2025-03-11 03:00:00,0.01836029812693596
2025-03-11 04:00:00,0.018520426005125046
2025-03-11 05:00:00,0.018366742879152298
2025-03-11 06:00:00,0.01847091317176819
2025-03-11 07:00:00,0.01839689537882805
2025-03-11 08:00:00,0.01845456101000309
2025-03-11 09:00:00,0.018542418256402016
2025-03-11 10:00:00,0.018681220710277557
2025-03-11 11:00:00,0.018235310912132263
2025-03-11 12:00:00,0.018217463046312332
2025-03-11 13:00:00,0.018416857346892357
2025-03-11 14:00:00,0.01809902861714363
2025-03-11 15:00:00,0.018297584727406502
2025-03-11 16:00:00,0.018463583663105965
2025-03-11 17:00:00,0.018320275470614433
2025-03-11 18:00:00,0.0180424302816391
2025-03-11 19:00:00,0.018197661265730858
2025-03-11 20:00:00,0.018048860132694244
2025-03-11 21:00:00,0.017936261370778084
2025-03-11 22:00:00,0.018264107406139374
2025-03-11 23:00:00,0.018500495702028275
2025-03-12 00:00:00,0.018498994410037994
2025-03-12 01:00:00,0.017941022291779518
2025-03-12 02:00:00,0.017704010009765625
2025-03-12 03:00:00,0.017198674380779266
2025-03-12 04:00:00,0.017867889255285263
2025-03-12 05:00:00,0.01766570284962654
2025-03-12 06:00:00,0.017679857090115547
2025-03-12 07:00:00,0.017638707533478737
2025-03-12 08:00:00,0.01799512654542923
2025-03-12 09:00:00,0.018025076016783714
2025-03-12 10:00:00,0.018093448132276535
2025-03-12 11:00:00,0.01820419728755951
2025-03-12 12:00:00,0.017894675955176353
2025-03-12 13:00:00,0.01822194829583168
2025-03-12 14:00:00,0.018003353849053383
2025-03-12 15:00:00,0.01761116087436676
2025-03-12 16:00:00,0.01774839125573635
2025-03-12 17:00:00,0.01781535893678665
2025-03-12 18:00:00,0.017557449638843536
2025-03-12 19:00:00,0.017392240464687347
2025-03-12 20:00:00,0.0175847876816988
2025-03-12 21:00:00,0.017769306898117065
2025-03-12 22:00:00,0.017971981316804886
2025-03-12 23:00:00,0.017535993829369545
2025-03-13 00:00:00,0.017697997391223907
2025-03-13 01:00:00,0.01745622605085373
2025-03-13 02:00:00,0.017389437183737755
2025-03-13 03:00:00,0.01771949790418148
2025-03-13 04:00:00,0.017488207668066025
2025-03-13 05:00:00,0.017947707325220108
2025-03-13 06:00:00,0.01727026142179966
2025-03-13 07:00:00,0.01770859770476818
2025-03-13 08:00:00,0.017679488286376
2025-03-13 09:00:00,0.01775525137782097
2025-03-13 10:00:00,0.017356086522340775
2025-03-13 11:00:00,0.01796288788318634
2025-03-13 12:00:00,0.017521075904369354
2025-03-13 13:00:00,0.017424480989575386
2025-03-13 14:00:00,0.017581535503268242
2025-03-13 15:00:00,0.01720592938363552
2025-03-13 16:00:00,0.01732535846531391
2025-03-13 17:00:00,0.017277555540204048
2025-03-13 18:00:00,0.01715737208724022
2025-03-13 19:00:00,0.01744208298623562
2025-03-13 20:00:00,0.017685968428850174
2025-03-13 21:00:00,0.01749519631266594
2025-03-13 22:00:00,0.01766875758767128
2025-03-13 23:00:00,0.017381925135850906
2025-03-14 00:00:00,0.01772887259721756
2025-03-14 01:00:00,0.01753445714712143
2025-03-14 02:00:00,0.017621543258428574
2025-03-14 03:00:00,0.017689885571599007
2025-03-14 04:00:00,0.017607733607292175
2025-03-14 05:00:00,0.01806023344397545
2025-03-14 06:00:00,0.01789010316133499
2025-03-14 07:00:00,0.01822037808597088
2025-03-14 08:00:00,0.017874740064144135
2025-03-14 09:00:00,0.01805703714489937
2025-03-14 10:00:00,0.018102465197443962
2025-03-14 11:00:00,0.018003394827246666
2025-03-14 12:00:00,0.01777082309126854
2025-03-14 13:00:00,0.017762772738933563
2025-03-14 14:00:00,0.0177666824311018
2025-03-14 15:00:00,0.01802275888621807
2025-03-14 16:00:00,0.018074316903948784
2025-03-14 17:00:00,0.01808343641459942
2025-03-14 18:00:00,0.018129410222172737
2025-03-14 19:00:00,0.018477702513337135
2025-03-14 20:00:00,0.01829090528190136
2025-03-14 21:00:00,0.01820261962711811
2025-03-14 22:00:00,0.018163669854402542
2025-03-14 23:00:00,0.018608540296554565
2025-03-15 00:00:00,0.018198352307081223
2025-03-15 01:00:00,0.018204109743237495
2025-03-15 02:00:00,0.018475422635674477
2025-03-15 03:00:00,0.01845266856253147
2025-03-15 04:00:00,0.01814435049891472
2025-03-15 05:00:00,0.018471986055374146
2025-03-15 06:00:00,0.018494464457035065
2025-03-15 07:00:00,0.018457481637597084
2025-03-15 08:00:00,0.01846570521593094
2025-03-15 09:00:00,0.018769048154354095
2025-03-15 10:00:00,0.018503878265619278
2025-03-15 11:00:00,0.01879185438156128
2025-03-15 12:00:00,0.018637897446751595
2025-03-15 13:00:00,0.018233172595500946
2025-03-15 14:00:00,0.01843291148543358
2025-03-15 15:00:00,0.018445027992129326
2025-03-15 16:00:00,0.017875125631690025
2025-03-15 17:00:00,0.017940016463398933
2025-03-15 18:00:00,0.01799139194190502
2025-03-15 19:00:00,0.017825892195105553
2025-03-15 20:00:00,0.017841707915067673
2025-03-15 21:00:00,0.01789732277393341
2025-03-15 22:00:00,0.017860911786556244
2025-03-15 23:00:00,0.01783027872443199
2025-03-16 00:00:00,0.017453067004680634
2025-03-16 01:00:00,0.017477765679359436
2025-03-16 02:00:00,0.01775527186691761
2025-03-16 03:00:00,0.01785511150956154
2025-03-16 04:00:00,0.018107831478118896
2025-03-16 05:00:00,0.018087662756443024
2025-03-16 06:00:00,0.018226537853479385
2025-03-16 07:00:00,0.018275301903486252
2025-03-16 08:00:00,0.01829550415277481
2025-03-16 09:00:00,0.018242431804537773
2025-03-16 10:00:00,0.01782245561480522
2025-03-16 11:00:00,0.018031418323516846
2025-03-16 12:00:00,0.01801176182925701
2025-03-16 13:00:00,0.017728004604578018
2025-03-16 14:00:00,0.01769413985311985
2025-03-16 15:00:00,0.017786575481295586
2025-03-16 16:00:00,0.017832208424806595
2025-03-16 17:00:00,0.017802389338612556
2025-03-16 18:00:00,0.01767822541296482
2025-03-16 19:00:00,0.017584774643182755
2025-03-16 20:00:00,0.017648324370384216
2025-03-16 21:00:00,0.01754951663315296
2025-03-16 22:00:00,0.017325548455119133
2025-03-16 23:00:00,0.01761017180979252
2025-03-17 00:00:00,0.01705498807132244
2025-03-17 01:00:00,0.017106302082538605
2025-03-17 02:00:00,0.017428698018193245
2025-03-17 03:00:00,0.01741611771285534
2025-03-17 04:00:00,0.0173933282494545
2025-03-17 05:00:00,0.01731981709599495
2025-03-17 06:00:00,0.017390117049217224
2025-03-17 07:00:00,0.01686040870845318
2025-03-17 08:00:00,0.01752232387661934
2025-03-17 09:00:00,0.017342809587717056
2025-03-17 10:00:00,0.017235664650797844
2025-03-17 11:00:00,0.01705545373260975
2025-03-17 12:00:00,0.017407625913619995
2025-03-17 13:00:00,0.017710324376821518
2025-03-17 14:00:00,0.01772231049835682
2025-03-17 15:00:00,0.017475998029112816
2025-03-17 16:00:00,0.01749642938375473
2025-03-17 17:00:00,0.017146645113825798
2025-03-17 18:00:00,0.017606675624847412
2025-03-17 19:00:00,0.01760006509721279
2025-03-17 20:00:00,0.017469944432377815
2025-03-17 21:00:00,0.017521627247333527
2025-03-17 22:00:00,0.01743904873728752
2025-03-17 23:00:00,0.017617860808968544
2025-03-18 00:00:00,0.017652953043580055
2025-03-18 01:00:00,0.01735357753932476
2025-03-18 02:00:00,0.01769234985113144
2025-03-18 03:00:00,0.017833275720477104
2025-03-18 04:00:00,0.017910458147525787
2025-03-18 05:00:00,0.01762406714260578
2025-03-18 06:00:00,0.018011823296546936
2025-03-18 07:00:00,0.01806509867310524
2025-03-18 08:00:00,0.017789974808692932
2025-03-18 09:00:00,0.017511075362563133
2025-03-18 10:00:00,0.017976917326450348
2025-03-18 11:00:00,0.017822986468672752
2025-03-18 12:00:00,0.01786147430539131
2025-03-18 13:00:00,0.017834937199950218
2025-03-18 14:00:00,0.01811183989048004
2025-03-18 15:00:00,0.01828528568148613
2025-03-18 16:00:00,0.018051447346806526
2025-03-18 17:00:00,0.018017951399087906
2025-03-18 18:00:00,0.018146943300962448
2025-03-18 19:00:00,0.018083937466144562
2025-03-18 20:00:00,0.018283654004335403
2025-03-18 21:00:00,0.018290160223841667
2025-03-18 22:00:00,0.01825428195297718
2025-03-18 23:00:00,0.018254198133945465
2025-03-19 00:00:00,0.018248770385980606
2025-03-19 01:00:00,0.018264248967170715
2025-03-19 02:00:00,0.018446244299411774
2025-03-19 03:00:00,0.018368445336818695
2025-03-19 04:00:00,0.01839093491435051
2025-03-19 05:00:00,0.018367499113082886
2025-03-19 06:00:00,0.018069293349981308
2025-03-19 07:00:00,0.017763003706932068
2025-03-19 08:00:00,0.017912063747644424
2025-03-19 09:00:00,0.017796069383621216
2025-03-19 10:00:00,0.01777292788028717
2025-03-19 11:00:00,0.01786614954471588
2025-03-19 12:00:00,0.018175741657614708
2025-03-19 13:00:00,0.01784389838576317
2025-03-19 14:00:00,0.01803913339972496
2025-03-19 15:00:00,0.01819915883243084
2025-03-19 16:00:00,0.01785765402019024
2025-03-19 17:00:00,0.01810881868004799
2025-03-19 18:00:00,0.01802980713546276
2025-03-19 19:00:00,0.018127545714378357
2025-03-19 20:00:00,0.018326018005609512
2025-03-19 21:00:00,0.018125684931874275
2025-03-19 22:00:00,0.018622292205691338
2025-03-19 23:00:00,0.018221307545900345
2025-03-20 00:00:00,0.01813187077641487
2025-03-20 01:00:00,0.018280714750289917
2025-03-20 02:00:00,0.01809738576412201
2025-03-20 03:00:00,0.01814688742160797
2025-03-20 04:00:00,0.018361534923315048
2025-03-20 05:00:00,0.018307404592633247
2025-03-20 06:00:00,0.01817977987229824
2025-03-20 07:00:00,0.018154380843043327
2025-03-20 08:00:00,0.01841956004500389
2025-03-20 09:00:00,0.018324866890907288
2025-03-20 10:00:00,0.018295258283615112
2025-03-20 11:00:00,0.018296808004379272
2025-03-20 12:00:00,0.01825885660946369
2025-03-20 13:00:00,0.018335532397031784
2025-03-20 14:00:00,0.018358003348112106
2025-03-20 15:00:00,0.017888959497213364
2025-03-20 16:00:00,0.018100041896104813
2025-03-20 17:00:00,0.01811225339770317
2025-03-20 18:00:00,0.018117845058441162
2025-03-20 19:00:00,0.018213100731372833
2025-03-20 20:00:00,0.018309764564037323
2025-03-20 21:00:00,0.0184804555028677
2025-03-20 22:00:00,0.018257733434438705
2025-03-20 23:00:00,0.01827416382730007
2025-03-21 00:00:00,0.018644845113158226
2025-03-21 01:00:00,0.018650367856025696
2025-03-21 02:00:00,0.018373290076851845
2025-03-21 03:00:00,0.01827387884259224
2025-03-21 04:00:00,0.01824234053492546
2025-03-21 05:00:00,0.018735749647021294
2025-03-21 06:00:00,0.018721330910921097
2025-03-21 07:00:00,0.01876978948712349
2025-03-21 08:00:00,0.01869644783437252
2025-03-21 09:00:00,0.018471447750926018
2025-03-21 10:00:00,0.018608182668685913
2025-03-21 11:00:00,0.01825280860066414
2025-03-21 12:00:00,0.018680879846215248
2025-03-21 13:00:00,0.01871471293270588
2025-03-21 14:00:00,0.018496735021471977
2025-03-21 15:00:00,0.018306154757738113
2025-03-21 16:00:00,0.018221400678157806
2025-03-21 17:00:00,0.018347792327404022
2025-03-21 18:00:00,0.018097862601280212
2025-03-21 19:00:00,0.018850816413760185
2025-03-21 20:00:00,0.018376043066382408
2025-03-21 21:00:00,0.01829732581973076
2025-03-21 22:00:00,0.018178727477788925
2025-03-21 23:00:00,0.018577344715595245
2025-03-22 00:00:00,0.018232859671115875
2025-03-22 01:00:00,0.018388237804174423
2025-03-22 02:00:00,0.018112650141119957
2025-03-22 03:00:00,0.018217783421278
2025-03-22 04:00:00,0.018108179792761803
2025-03-22 05:00:00,0.017855439335107803
2025-03-22 06:00:00,0.017682187259197235
2025-03-22 07:00:00,0.018404122442007065
2025-03-22 08:00:00,0.018188567832112312
2025-03-22 09:00:00,0.018286973237991333
2025-03-22 10:00:00,0.01836969144642353
2025-03-22 11:00:00,0.01852492243051529
2025-03-22 12:00:00,0.01830047369003296
2025-03-22 13:00:00,0.01849280297756195
2025-03-22 14:00:00,0.018333960324525833
2025-03-22 15:00:00,0.018489964306354523
2025-03-22 16:00:00,0.018418211489915848
2025-03-22 17:00:00,0.01822465844452381
2025-03-22 18:00:00,0.01838609203696251
2025-03-22 19:00:00,0.018387500196695328
2025-03-22 20:00:00,0.018312927335500717
2025-03-22 21:00:00,0.018305176869034767
2025-03-22 22:00:00,0.017917510122060776
2025-03-22 23:00:00,0.018241621553897858
2025-03-23 00:00:00,0.018337931483983994
2025-03-23 01:00:00,0.018076706677675247
2025-03-23 02:00:00,0.017937663942575455
2025-03-23 03:00:00,0.018003469333052635
2025-03-23 04:00:00,0.01770046353340149
2025-03-23 05:00:00,0.01781800016760826
2025-03-23 06:00:00,0.018246980383992195
2025-03-23 07:00:00,0.0177298691123724
2025-03-23 08:00:00,0.018253685906529427
2025-03-23 09:00:00,0.01807103119790554
2025-03-23 10:00:00,0.01815175823867321
2025-03-23 11:00:00,0.018179848790168762
2025-03-23 12:00:00,0.01830630749464035
2025-03-23 13:00:00,0.018517443910241127
2025-03-23 14:00:00,0.018635092303156853
2025-03-23 15:00:00,0.018552584573626518
2025-03-23 16:00:00,0.018401343375444412
2025-03-23 17:00:00,0.018855027854442596
2025-03-23 18:00:00,0.018707314506173134
2025-03-23 19:00:00,0.018756411969661713
2025-03-23 20:00:00,0.018773622810840607
2025-03-23 21:00:00,0.018311385065317154
2025-03-23 22:00:00,0.018301967531442642
2025-03-23 23:00:00,0.017879972234368324
2025-03-24 00:00:00,0.01810508221387863
2025-03-24 01:00:00,0.018848467618227005
2025-03-24 02:00:00,0.018893959000706673
2025-03-24 03:00:00,0.01863582618534565
2025-03-24 04:00:00,0.019158201292157173
2025-03-24 05:00:00,0.01889313943684101
2025-03-24 06:00:00,0.018220003694295883
2025-03-24 07:00:00,0.018726978451013565
2025-03-24 08:00:00,0.01851765252649784
2025-03-24 09:00:00,0.018521318212151527
2025-03-24 10:00:00,0.01843179762363434
2025-03-24 11:00:00,0.01833009161055088
2025-03-24 12:00:00,0.01812368631362915
2025-03-24 13:00:00,0.018151897937059402
2025-03-24 14:00:00,0.017783580347895622
2025-03-24 15:00:00,0.018276749178767204
2025-03-24 16:00:00,0.018211504444479942
2025-03-24 17:00:00,0.018201341852545738
2025-03-24 18:00:00,0.018520478159189224
2025-03-24 19:00:00,0.018418995663523674
2025-03-24 20:00:00,0.018062569200992584
2025-03-24 21:00:00,0.017981043085455894
2025-03-24 22:00:00,0.01830076053738594
2025-03-24 23:00:00,0.01856185495853424
2025-03-25 00:00:00,0.01871519908308983
2025-03-25 01:00:00,0.01880856789648533
2025-03-25 02:00:00,0.018289605155587196
2025-03-25 03:00:00,0.01871810480952263
2025-03-25 04:00:00,0.018633488565683365
2025-03-25 05:00:00,0.01840769127011299
2025-03-25 06:00:00,0.018407639116048813
2025-03-25 07:00:00,0.018809864297509193
2025-03-25 08:00:00,0.01862853392958641
2025-03-25 09:00:00,0.01823689602315426
2025-03-25 10:00:00,0.01832490600645542
2025-03-25 11:00:00,0.018629303202033043
2025-03-25 12:00:00,0.018894225358963013
2025-03-25 13:00:00,0.018705204129219055
2025-03-25 14:00:00,0.01863783225417137
2025-03-25 15:00:00,0.018716691061854362
2025-03-25 16:00:00,0.01861725002527237
2025-03-25 17:00:00,0.01842302642762661
2025-03-25 18:00:00,0.018455829471349716
2025-03-25 19:00:00,0.0185041856020689
2025-03-25 20:00:00,0.01847757212817669
2025-03-25 21:00:00,0.018931180238723755
2025-03-25 22:00:00,0.018848124891519547
2025-03-25 23:00:00,0.018707603216171265
2025-03-26 00:00:00,0.018682489171624184
2025-03-26 01:00:00,0.018891626968979836
2025-03-26 02:00:00,0.01880812644958496
2025-03-26 03:00:00,0.01867705211043358
2025-03-26 04:00:00,0.019380398094654083
2025-03-26 05:00:00,0.019280415028333664
2025-03-26 06:00:00,0.018476426601409912
2025-03-26 07:00:00,0.01862414740025997
2025-03-26 08:00:00,0.018796157091856003
2025-03-26 09:00:00,0.018837109208106995
2025-03-26 10:00:00,0.018723253160715103
2025-03-26 11:00:00,0.01873459666967392
2025-03-26 12:00:00,0.019151918590068817
2025-03-26 13:00:00,0.01878005638718605
2025-03-26 14:00:00,0.018939601257443428
2025-03-26 15:00:00,0.01868339627981186
2025-03-26 16:00:00,0.018657537177205086
2025-03-26 17:00:00,0.018634267151355743
2025-03-26 18:00:00,0.018359612673521042
2025-03-26 19:00:00,0.018659193068742752
2025-03-26 20:00:00,0.018438544124364853
2025-03-26 21:00:00,0.01875971630215645
2025-03-26 22:00:00,0.018788689747452736
2025-03-26 23:00:00,0.018586566671729088
2025-03-27 00:00:00,0.01834551803767681
2025-03-27 01:00:00,0.01860056445002556
2025-03-27 02:00:00,0.018695209175348282
2025-03-27 03:00:00,0.019193638116121292
2025-03-27 04:00:00,0.01896934024989605
2025-03-27 05:00:00,0.01918451488018036
2025-03-27 06:00:00,0.019517425447702408
2025-03-27 07:00:00,0.01912364922463894
2025-03-27 08:00:00,0.0193185992538929
2025-03-27 09:00:00,0.019457804039120674
2025-03-27 10:00:00,0.019155211746692657
2025-03-27 11:00:00,0.019298475235700607
2025-03-27 12:00:00,0.019506588578224182
2025-03-27 13:00:00,0.01980437897145748
2025-03-27 14:00:00,0.019119402393698692
2025-03-27 15:00:00,0.01962420344352722
2025-03-27 16:00:00,0.019230151548981667
2025-03-27 17:00:00,0.01953055150806904
2025-03-27 18:00:00,0.01919473521411419
2025-03-27 19:00:00,0.019773345440626144
2025-03-27 20:00:00,0.019893242046236992
2025-03-27 21:00:00,0.019645938649773598
2025-03-27 22:00:00,0.020050374791026115
2025-03-27 23:00:00,0.019631195813417435
2025-03-28 00:00:00,0.019235799089074135
2025-03-28 01:00:00,0.019503073766827583
2025-03-28 02:00:00,0.019437145441770554
2025-03-28 03:00:00,0.019106194376945496
2025-03-28 04:00:00,0.01970990002155304
2025-03-28 05:00:00,0.019717777147889137
2025-03-28 06:00:00,0.01991431415081024
2025-03-28 07:00:00,0.01942513696849346
2025-03-28 08:00:00,0.019834376871585846
2025-03-28 09:00:00,0.019602825865149498
2025-03-28 10:00:00,0.01942988857626915
2025-03-28 11:00:00,0.019786411896348
2025-03-28 12:00:00,0.019885729998350143
2025-03-28 13:00:00,0.019701674580574036
2025-03-28 14:00:00,0.01968366838991642
2025-03-28 15:00:00,0.019046582281589508
2025-03-28 16:00:00,0.019377974793314934
2025-03-28 17:00:00,0.019117480143904686
2025-03-28 18:00:00,0.019456777721643448
2025-03-28 19:00:00,0.019294919446110725
2025-03-28 20:00:00,0.019093651324510574
2025-03-28 21:00:00,0.019222093746066093
2025-03-28 22:00:00,0.019246624782681465
2025-03-28 23:00:00,0.01869393326342106
2025-03-29 00:00:00,0.019062282517552376
2025-03-29 01:00:00,0.01929955929517746
2025-03-29 02:00:00,0.01857658289372921
2025-03-29 03:00:00,0.018987219780683517
2025-03-29 04:00:00,0.018695294857025146
2025-03-29 05:00:00,0.018608707934617996
2025-03-29 06:00:00,0.018483009189367294
2025-03-29 07:00:00,0.018436245620250702
2025-03-29 08:00:00,0.018804116174578667
2025-03-29 09:00:00,0.019253868609666824
2025-03-29 10:00:00,0.01944156363606453
2025-03-29 11:00:00,0.019430002197623253
2025-03-29 12:00:00,0.019020667299628258
2025-03-29 13:00:00,0.019071321934461594
2025-03-29 14:00:00,0.018860356882214546
2025-03-29 15:00:00,0.019192183390259743
2025-03-29 16:00:00,0.019214468076825142
2025-03-29 17:00:00,0.019145391881465912
2025-03-29 18:00:00,0.019054919481277466
2025-03-29 19:00:00,0.019138047471642494
2025-03-29 20:00:00,0.01939726248383522
2025-03-29 21:00:00,0.019768880680203438
2025-03-29 22:00:00,0.020051924511790276
2025-03-29 23:00:00,0.019672464579343796
2025-03-30 00:00:00,0.019841497763991356
2025-03-30 01:00:00,0.019489046186208725
2025-03-30 02:00:00,0.01934131607413292
2025-03-30 03:00:00,0.019414842128753662
2025-03-30 04:00:00,0.019091293215751648
2025-03-30 05:00:00,0.01913842372596264
2025-03-30 06:00:00,0.019347798079252243
2025-03-30 07:00:00,0.019028760492801666
2025-03-30 08:00:00,0.019447362050414085
2025-03-30 09:00:00,0.01943081244826317
2025-03-30 10:00:00,0.01954321190714836
2025-03-30 11:00:00,0.019371356815099716
2025-03-30 12:00:00,0.01937795616686344
2025-03-30 13:00:00,0.01927955076098442
2025-03-30 14:00:00,0.019236555323004723
2025-03-30 15:00:00,0.018936581909656525
2025-03-30 16:00:00,0.019240422174334526
2025-03-30 17:00:00,0.01943064108490944
2025-03-30 18:00:00,0.0192667655646801
2025-03-30 19:00:00,0.018999094143509865
2025-03-30 20:00:00,0.01932535134255886
2025-03-30 21:00:00,0.01964728906750679
2025-03-30 22:00:00,0.019621022045612335
2025-03-30 23:00:00,0.019596604630351067
2025-03-31 00:00:00,0.019458159804344177
2025-03-31 01:00:00,0.019223004579544067
2025-03-31 02:00:00,0.019320426508784294
2025-03-31 03:00:00,0.019445419311523438
2025-03-31 04:00:00,0.019200418144464493
2025-03-31 05:00:00,0.01932419463992119
2025-03-31 06:00:00,0.01913314312696457
2025-03-31 07:00:00,0.019389327615499496
2025-03-31 08:00:00,0.01927120052278042
2025-03-31 09:00:00,0.019161010161042213
2025-03-31 10:00:00,0.019966354593634605
2025-03-31 11:00:00,0.01965045928955078
2025-03-31 12:00:00,0.01975572109222412
2025-03-31 13:00:00,0.01949223503470421
2025-03-31 14:00:00,0.019510086625814438
2025-03-31 15:00:00,0.019308988004922867
2025-03-31 16:00:00,0.019152384251356125
2025-03-31 17:00:00,0.019597847014665604
2025-03-31 18:00:00,0.019602805376052856
2025-03-31 19:00:00,0.019376598298549652
2025-03-31 20:00:00,0.019454065710306168
2025-03-31 21:00:00,0.019224587827920914
2025-03-31 22:00:00,0.019678793847560883
2025-03-31 23:00:00,0.019374068826436996
2025-04-01 00:00:00,0.019417233765125275
2025-04-01 01:00:00,0.0193229578435421
2025-04-01 02:00:00,0.019259130582213402
2025-04-01 03:00:00,0.019531112164258957
2025-04-01 04:00:00,0.019648585468530655
2025-04-01 05:00:00,0.019556978717446327
2025-04-01 06:00:00,0.019448531791567802
2025-04-01 07:00:00,0.01956227421760559
2025-04-01 08:00:00,0.01937619224190712
2025-04-01 09:00:00,0.019824756309390068
2025-04-01 10:00:00,0.019689157605171204
2025-04-01 11:00:00,0.019711729139089584
2025-04-01 12:00:00,0.019825197756290436
2025-04-01 13:00:00,0.019511643797159195
2025-04-01 14:00:00,0.019548634067177773
2025-04-01 15:00:00,0.019678110256791115
2025-04-01 16:00:00,0.019485831260681152
2025-04-01 17:00:00,0.019619818776845932
2025-04-01 18:00:00,0.01965979114174843
2025-04-01 19:00:00,0.019588256254792213
2025-04-01 20:00:00,0.020383160561323166
2025-04-01 21:00:00,0.02028355374932289
2025-04-01 22:00:00,0.020125867798924446
2025-04-01 23:00:00,0.020522117614746094
2025-04-02 00:00:00,0.02019703947007656
2025-04-02 01:00:00,0.020327012985944748
2025-04-02 02:00:00,0.01985262706875801
2025-04-02 03:00:00,0.020220443606376648
2025-04-02 04:00:00,0.02033759281039238
2025-04-02 05:00:00,0.02025545760989189
2025-04-02 06:00:00,0.020279154181480408
2025-04-02 07:00:00,0.02037055976688862
2025-04-02 08:00:00,0.019870977848768234
2025-04-02 09:00:00,0.019951310008764267
2025-04-02 10:00:00,0.01957888714969158
2025-04-02 11:00:00,0.020090602338314056
2025-04-02 12:00:00,0.019911877810955048
2025-04-02 13:00:00,0.019882895052433014
2025-04-02 14:00:00,0.01975301094353199
2025-04-02 15:00:00,0.019689474254846573
2025-04-02 16:00:00,0.019676178693771362
2025-04-02 17:00:00,0.019733212888240814
2025-04-02 18:00:00,0.019475027918815613
2025-04-02 19:00:00,0.01954520121216774
2025-04-02 20:00:00,0.019305365160107613
2025-04-02 21:00:00,0.019374631345272064
2025-04-02 22:00:00,0.018986158072948456
2025-04-02 23:00:00,0.018895670771598816
2025-04-03 00:00:00,0.01954815164208412
2025-04-03 01:00:00,0.019395362585783005
2025-04-03 02:00:00,0.01941583678126335
2025-04-03 03:00:00,0.019581802189350128
2025-04-03 04:00:00,0.01949526183307171
2025-04-03 05:00:00,0.01958882436156273
2025-04-03 06:00:00,0.01959064230322838
2025-04-03 07:00:00,0.01976659521460533
2025-04-03 08:00:00,0.019299425184726715
2025-04-03 09:00:00,0.01962997578084469
2025-04-03 10:00:00,0.019509686157107353
2025-04-03 11:00:00,0.019835758954286575
2025-04-03 12:00:00,0.019897354766726494
2025-04-03 13:00:00,0.019660087302327156
2025-04-03 14:00:00,0.01995108649134636
2025-04-03 15:00:00,0.01992245763540268
2025-04-03 16:00:00,0.01970338262617588
2025-04-03 17:00:00,0.01990039274096489
2025-04-03 18:00:00,0.020059995353221893
2025-04-03 19:00:00,0.019990475848317146
2025-04-03 20:00:00,0.020110271871089935
2025-04-03 21:00:00,0.020059790462255478
2025-04-03 22:00:00,0.020251309499144554
2025-04-03 23:00:00,0.01998913660645485
2025-04-04 00:00:00,0.020049072802066803
2025-04-04 01:00:00,0.020041927695274353
2025-04-04 02:00:00,0.020273402333259583
2025-04-04 03:00:00,0.02005079761147499
2025-04-04 04:00:00,0.019997654482722282
2025-04-04 05:00:00,0.01973818428814411
2025-04-04 06:00:00,0.02009759657084942
2025-04-04 07:00:00,0.020135819911956787
2025-04-04 08:00:00,0.020205091685056686
2025-04-04 09:00:00,0.020131584256887436
2025-04-04 10:00:00,0.019894789904356003
2025-04-04 11:00:00,0.020411813631653786
2025-04-04 12:00:00,0.02058376558125019
2025-04-04 13:00:00,0.02069799415767193
2025-04-04 14:00:00,0.020531868562102318
2025-04-04 15:00:00,0.020318957045674324
2025-04-04 16:00:00,0.020121172070503235
2025-04-04 17:00:00,0.020003117620944977
2025-04-04 18:00:00,0.020139075815677643
2025-04-04 19:00:00,0.020081205293536186
2025-04-04 20:00:00,0.020408418029546738
2025-04-04 21:00:00,0.020861435681581497
2025-04-04 22:00:00,0.02021920680999756
2025-04-04 23:00:00,0.020385298877954483
2025-04-05 00:00:00,0.02051200158894062
2025-04-05 01:00:00,0.020473919808864594
2025-04-05 02:00:00,0.0202326700091362
2025-04-05 03:00:00,0.02040773443877697
2025-04-05 04:00:00,0.020500941202044487
2025-04-05 05:00:00,0.020269019529223442
2025-04-05 06:00:00,0.020060932263731956
2025-04-05 07:00:00,0.020489975810050964
2025-04-05 08:00:00,0.020451746881008148
2025-04-05 09:00:00,0.020336288958787918
2025-04-05 10:00:00,0.020707182586193085
2025-04-05 11:00:00,0.020809359848499298
2025-04-05 12:00:00,0.02068980224430561
2025-04-05 13:00:00,0.020698364824056625
2025-04-05 14:00:00,0.02111123315989971
2025-04-05 15:00:00,0.0207073837518692
2025-04-05 16:00:00,0.020909512415528297
2025-04-05 17:00:00,0.02069428376853466
2025-04-05 18:00:00,0.020450586453080177
2025-04-05 19:00:00,0.02078106626868248
2025-04-05 20:00:00,0.020992282778024673
2025-04-05 21:00:00,0.02096405252814293
2025-04-05 22:00:00,0.020832788199186325
2025-04-05 23:00:00,0.02113412134349346
2025-04-06 00:00:00,0.021803172305226326
2025-04-06 01:00:00,0.021204832941293716
2025-04-06 02:00:00,0.021084245294332504
2025-04-06 03:00:00,0.02114444226026535
2025-04-06 04:00:00,0.02070382609963417
2025-04-06 05:00:00,0.020562617108225822
2025-04-06 06:00:00,0.020648261532187462
2025-04-06 07:00:00,0.02123301289975643
2025-04-06 08:00:00,0.02143111824989319
2025-04-06 09:00:00,0.021177062764763832
2025-04-06 10:00:00,0.020945731550455093
2025-04-06 11:00:00,0.02094230428338051
2025-04-06 12:00:00,0.02118506282567978
2025-04-06 13:00:00,0.0213778093457222
2025-04-06 14:00:00,0.020868415012955666
2025-04-06 15:00:00,0.020689789205789566
2025-04-06 16:00:00,0.020674526691436768
2025-04-06 17:00:00,0.02037925273180008
2025-04-06 18:00:00,0.020835064351558685
2025-04-06 19:00:00,0.020401330664753914
2025-04-06 20:00:00,0.020489752292633057
2025-04-06 21:00:00,0.020694833248853683
2025-04-06 22:00:00,0.02054079808294773
2025-04-06 23:00:00,0.020966917276382446
2025-04-07 00:00:00,0.021209903061389923
2025-04-07 01:00:00,0.021274251863360405
2025-04-07 02:00:00,0.021540140733122826
2025-04-07 03:00:00,0.0214400477707386
2025-04-07 04:00:00,0.021179549396038055
2025-04-07 05:00:00,0.021380262449383736
2025-04-07 06:00:00,0.02163371816277504
2025-04-07 07:00:00,0.021065618842840195
2025-04-07 08:00:00,0.021394217386841774
2025-04-07 09:00:00,0.02124163508415222
2025-04-07 10:00:00,0.020922861993312836
2025-04-07 11:00:00,0.021590113639831543
2025-04-07 12:00:00,0.02155417576432228
2025-04-07 13:00:00,0.02102738432586193
2025-04-07 14:00:00,0.02111484855413437
2025-04-07 15:00:00,0.021256575360894203
2025-04-07 16:00:00,0.021255072206258774
2025-04-07 17:00:00,0.021344520151615143
2025-04-07 18:00:00,0.021475985646247864
2025-04-07 19:00:00,0.021454552188515663
2025-04-07 20:00:00,0.021267928183078766
2025-04-07 21:00:00,0.021438073366880417
2025-04-07 22:00:00,0.02165220119059086
2025-04-07 23:00:00,0.02149108238518238
2025-04-08 00:00:00,0.021431470289826393
2025-04-08 01:00:00,0.022077541798353195
2025-04-08 02:00:00,0.022171692922711372
2025-04-08 03:00:00,0.02201239764690399
2025-04-08 04:00:00,0.0221268180757761
2025-04-08 05:00:00,0.022100500762462616
2025-04-08 06:00:00,0.02216712012887001
2025-04-08 07:00:00,0.02208152785897255
2025-04-08 08:00:00,0.022216619923710823
2025-04-08 09:00:00,0.02281699888408184
2025-04-08 10:00:00,0.022814283147454262
2025-04-08 11:00:00,0.0224989652633667
2025-04-08 12:00:00,0.022574687376618385
2025-04-08 13:00:00,0.022587580606341362
2025-04-08 14:00:00,0.022061992436647415
2025-04-08 15:00:00,0.02183935046195984
2025-04-08 16:00:00,0.02217799797654152
2025-04-08 17:00:00,0.022090302780270576
2025-04-08 18:00:00,0.021724320948123932
2025-04-08 19:00:00,0.02208271622657776
2025-04-08 20:00:00,0.02171405218541622
2025-04-08 21:00:00,0.021661866456270218
2025-04-08 22:00:00,0.021646345034241676
2025-04-08 23:00:00,0.02166999876499176
2025-04-09 00:00:00,0.021891873329877853
2025-04-09 01:00:00,0.021705906838178635
2025-04-09 02:00:00,0.021838944405317307
2025-04-09 03:00:00,0.021298019215464592
2025-04-09 04:00:00,0.02077092044055462
2025-04-09 05:00:00,0.021207695826888084
2025-04-09 06:00:00,0.021546702831983566
2025-04-09 07:00:00,0.021552301943302155
2025-04-09 08:00:00,0.020946990698575974
2025-04-09 09:00:00,0.021386874839663506
2025-04-09 10:00:00,0.020873399451375008
2025-04-09 11:00:00,0.02124190330505371
2025-04-09 12:00:00,0.021517988294363022
2025-04-09 13:00:00,0.021392468363046646
2025-04-09 14:00:00,0.021208295598626137
2025-04-09 15:00:00,0.021673180162906647
2025-04-09 16:00:00,0.021469149738550186
2025-04-09 17:00:00,0.022120125591754913
2025-04-09 18:00:00,0.021779846400022507
2025-04-09 19:00:00,0.02170550264418125
2025-04-09 20:00:00,0.02148227021098137
2025-04-09 21:00:00,0.021908117458224297
2025-04-09 22:00:00,0.021621115505695343
2025-04-09 23:00:00,0.021870389580726624
2025-04-10 00:00:00,0.021970123052597046
2025-04-10 01:00:00,0.021685849875211716
2025-04-10 02:00:00,0.021482445299625397
2025-04-10 03:00:00,0.02151014655828476
2025-04-10 04:00:00,0.021798325702548027
2025-04-10 05:00:00,0.021986287087202072
2025-04-10 06:00:00,0.022091194987297058
2025-04-10 07:00:00,0.021776840090751648
2025-04-10 08:00:00,0.021836109459400177
2025-04-10 09:00:00,0.02191668003797531
2025-04-10 10:00:00,0.021828128024935722
2025-04-10 11:00:00,0.02204589545726776
2025-04-10 12:00:00,0.022144462913274765
2025-04-10 13:00:00,0.02186346799135208
2025-04-10 14:00:00,0.02237912267446518
2025-04-10 15:00:00,0.022061729803681374
2025-04-10 16:00:00,0.022317901253700256
2025-04-10 17:00:00,0.02213677018880844
2025-04-10 18:00:00,0.02197849191725254
2025-04-10 19:00:00,0.02199050970375538
2025-04-10 20:00:00,0.02183348312973976
2025-04-10 21:00:00,0.021810926496982574
2025-04-10 22:00:00,0.021962396800518036
2025-04-10 23:00:00,0.022138498723506927
2025-04-11 00:00:00,0.02198665961623192
2025-04-11 01:00:00,0.022177694365382195
2025-04-11 02:00:00,0.021936694160103798
2025-04-11 03:00:00,0.022372625768184662
2025-04-11 04:00:00,0.02232254669070244
2025-04-11 05:00:00,0.022925447672605515
2025-04-11 06:00:00,0.02256970852613449
2025-04-11 07:00:00,0.022612405940890312
2025-04-11 08:00:00,0.022499630227684975
2025-04-11 09:00:00,0.02252522110939026
2025-04-11 10:00:00,0.022584794089198112
2025-04-11 11:00:00,0.02269880846142769
2025-04-11 12:00:00,0.0230722539126873
2025-04-11 13:00:00,0.022887397557497025
2025-04-11 14:00:00,0.02238893136382103
2025-04-11 15:00:00,0.022679712623357773
2025-04-11 16:00:00,0.02241462469100952
2025-04-11 17:00:00,0.02242223173379898
2025-04-11 18:00:00,0.022423500195145607
2025-04-11 19:00:00,0.022307682782411575
2025-04-11 20:00:00,0.021993400529026985
2025-04-11 21:00:00,0.022011475637555122
2025-04-11 22:00:00,0.022353846579790115
2025-04-11 23:00:00,0.022228021174669266
2025-04-12 00:00:00,0.02213934063911438
2025-04-12 01:00:00,0.0220634788274765
2025-04-12 02:00:00,0.022239815443754196
2025-04-12 03:00:00,0.02229171246290207
2025-04-12 04:00:00,0.022213570773601532
2025-04-12 05:00:00,0.022356169298291206
2025-04-12 06:00:00,0.022088833153247833
2025-04-12 07:00:00,0.02210298553109169
2025-04-12 08:00:00,0.02204180508852005
2025-04-12 09:00:00,0.022304024547338486
2025-04-12 10:00:00,0.022381236776709557
2025-04-12 11:00:00,0.02233809232711792
2025-04-12 12:00:00,0.022345034405589104
2025-04-12 13:00:00,0.02245219796895981
2025-04-12 14:00:00,0.02270607091486454
2025-04-12 15:00:00,0.022413726896047592
2025-04-12 16:00:00,0.02254149317741394
2025-04-12 17:00:00,0.022685054689645767
2025-04-12 18:00:00,0.023333532735705376
2025-04-12 19:00:00,0.02340201660990715
2025-04-12 20:00:00,0.02349470742046833
2025-04-12 21:00:00,0.02341109700500965
2025-04-12 22:00:00,0.023444194346666336
2025-04-12 23:00:00,0.02315337583422661
2025-04-13 00:00:00,0.023183993995189667
2025-04-13 01:00:00,0.023119134828448296
2025-04-13 02:00:00,0.023153822869062424
2025-04-13 03:00:00,0.022875897586345673
2025-04-13 04:00:00,0.023034125566482544
2025-04-13 05:00:00,0.02302171289920807
2025-04-13 06:00:00,0.02344222366809845
2025-04-13 07:00:00,0.023478597402572632
2025-04-13 08:00:00,0.023424498736858368
2025-04-13 09:00:00,0.023593805730342865
2025-04-13 10:00:00,0.023707684129476547
2025-04-13 11:00:00,0.023803960531949997
2025-04-13 12:00:00,0.023731611669063568
2025-04-13 13:00:00,0.02335825003683567
2025-04-13 14:00:00,0.02361338585615158
2025-04-13 15:00:00,0.02389916218817234
2025-04-13 16:00:00,0.02378205582499504
2025-04-13 17:00:00,0.02396303229033947
2025-04-13 18:00:00,0.024014683440327644
2025-04-13 19:00:00,0.024485629051923752
2025-04-13 20:00:00,0.023723307996988297
2025-04-13 21:00:00,0.0237751342356205
2025-04-13 22:00:00,0.023988880217075348
2025-04-13 23:00:00,0.02445804327726364
2025-04-14 00:00:00,0.023929744958877563
2025-04-14 01:00:00,0.024532103911042213
2025-04-14 02:00:00,0.024087782949209213
2025-04-14 03:00:00,0.02435148134827614
2025-04-14 04:00:00,0.024234168231487274
2025-04-14 05:00:00,0.02383486181497574
2025-04-14 06:00:00,0.023824729025363922
2025-04-14 07:00:00,0.024151813238859177
2025-04-14 08:00:00,0.023590128868818283
2025-04-14 09:00:00,0.024473849684000015
2025-04-14 10:00:00,0.023841027170419693
2025-04-14 11:00:00,0.023778501898050308
2025-04-14 12:00:00,0.02356790192425251
2025-04-14 13:00:00,0.023574383929371834
2025-04-14 14:00:00,0.023680761456489563
2025-04-14 15:00:00,0.023350344970822334
2025-04-14 16:00:00,0.02355079911649227
2025-04-14 17:00:00,0.02361106686294079
2025-04-14 18:00:00,0.02329007349908352
2025-04-14 19:00:00,0.023173797875642776
2025-04-14 20:00:00,0.023287883028388023
2025-04-14 21:00:00,0.023008346557617188
2025-04-14 22:00:00,0.02320529893040657
2025-04-14 23:00:00,0.023675890639424324
2025-04-15 00:00:00,0.023554211482405663
2025-04-15 01:00:00,0.02359655499458313
2025-04-15 02:00:00,0.023486632853746414
2025-04-15 03:00:00,0.023561978712677956
2025-04-15 04:00:00,0.02353556454181671
2025-04-15 05:00:00,0.02344844490289688
2025-04-15 06:00:00,0.02352430298924446
2025-04-15 07:00:00,0.023789525032043457
2025-04-15 08:00:00,0.023329108953475952
2025-04-15 09:00:00,0.023467345163226128
2025-04-15 10:00:00,0.02354808710515499
2025-04-15 11:00:00,0.024053305387496948
2025-04-15 12:00:00,0.024129152297973633
2025-04-15 13:00:00,0.024711042642593384
2025-04-15 14:00:00,0.023586221039295197
2025-04-15 15:00:00,0.0238605085760355
2025-04-15 16:00:00,0.024057619273662567
2025-04-15 17:00:00,0.023835258558392525
2025-04-15 18:00:00,0.02412203699350357
2025-04-15 19:00:00,0.02378251403570175
2025-04-15 20:00:00,0.024529878050088882
2025-04-15 21:00:00,0.024559669196605682
2025-04-15 22:00:00,0.024240296334028244
2025-04-15 23:00:00,0.02405323088169098
2025-04-16 00:00:00,0.02398034557700157
2025-04-16 01:00:00,0.02361864410340786
2025-04-16 02:00:00,0.024352164939045906
2025-04-16 03:00:00,0.024273013696074486
2025-04-16 04:00:00,0.023970123380422592
2025-04-16 05:00:00,0.02426813170313835
2025-04-16 06:00:00,0.024680225178599358
2025-04-16 07:00:00,0.02392895147204399
2025-04-16 08:00:00,0.024441588670015335
2025-04-16 09:00:00,0.024365270510315895
2025-04-16 10:00:00,0.0240774042904377
2025-04-16 11:00:00,0.024608075618743896
2025-04-16 12:00:00,0.02417442575097084
2025-04-16 13:00:00,0.02452009730041027
2025-04-16 14:00:00,0.024341054260730743
2025-04-16 15:00:00,0.024247419089078903
2025-04-16 16:00:00,0.024790721014142036
2025-04-16 17:00:00,0.024338889867067337
2025-04-16 18:00:00,0.024492736905813217
2025-04-16 19:00:00,0.024426840245723724
2025-04-16 20:00:00,0.024130603298544884
2025-04-16 21:00:00,0.02397390455007553
2025-04-16 22:00:00,0.02460550144314766
2025-04-16 23:00:00,0.024636363610625267
2025-04-17 00:00:00,0.024658724665641785
2025-04-17 01:00:00,0.025192296132445335
2025-04-17 02:00:00,0.02499098889529705
2025-04-17 03:00:00,0.024868996813893318
2025-04-17 04:00:00,0.025174139067530632
2025-04-17 05:00:00,0.02505626156926155
2025-04-17 06:00:00,0.025320231914520264
2025-04-17 07:00:00,0.02536085806787014
2025-04-17 08:00:00,0.02486307919025421
2025-04-17 09:00:00,0.024589903652668
2025-04-17 10:00:00,0.02495841681957245
2025-04-17 11:00:00,0.024837356060743332
2025-04-17 12:00:00,0.024793116375803947
2025-04-17 13:00:00,0.024946821853518486
2025-04-17 14:00:00,0.02516842447221279
2025-04-17 15:00:00,0.025028046220541
2025-04-17 16:00:00,0.02461714670062065
2025-04-17 17:00:00,0.024622732773423195
2025-04-17 18:00:00,0.024639444425702095
2025-04-17 19:00:00,0.025094911456108093
2025-04-17 20:00:00,0.02508849836885929
2025-04-17 21:00:00,0.024798685684800148
2025-04-17 22:00:00,0.024362638592720032
2025-04-17 23:00:00,0.02440689690411091
2025-04-18 00:00:00,0.024636680260300636
2025-04-18 01:00:00,0.024850569665431976
2025-04-18 02:00:00,0.024985920637845993
2025-04-18 03:00:00,0.02474440447986126
2025-04-18 04:00:00,0.024247830733656883
2025-04-18 05:00:00,0.024620093405246735
2025-04-18 06:00:00,0.024114765226840973
2025-04-18 07:00:00,0.024358456954360008
2025-04-18 08:00:00,0.024670714512467384
2025-04-18 09:00:00,0.024844348430633545
2025-04-18 10:00:00,0.024581855162978172
2025-04-18 11:00:00,0.024734243750572205
2025-04-18 12:00:00,0.02456670254468918
2025-04-18 13:00:00,0.024800501763820648
2025-04-18 14:00:00,0.024747861549258232
2025-04-18 15:00:00,0.025040127336978912
2025-04-18 16:00:00,0.024718504399061203
2025-04-18 17:00:00,0.02465127967298031
2025-04-18 18:00:00,0.02499277889728546
2025-04-18 19:00:00,0.02502937987446785
2025-04-18 20:00:00,0.024745743721723557
2025-04-18 21:00:00,0.025109704583883286
2025-04-18 22:00:00,0.02498171664774418
2025-04-18 23:00:00,0.025011150166392326
2025-04-19 00:00:00,0.02494519203901291
2025-04-19 01:00:00,0.02482720836997032
2025-04-19 02:00:00,0.02482176385819912
2025-04-19 03:00:00,0.02476765587925911
2025-04-19 04:00:00,0.02479800209403038
2025-04-19 05:00:00,0.02458382397890091
2025-04-19 06:00:00,0.024624701589345932
2025-04-19 07:00:00,0.02476688101887703
2025-04-19 08:00:00,0.024745598435401917
2025-04-19 09:00:00,0.024422021582722664
2025-04-19 10:00:00,0.02481514774262905
2025-04-19 11:00:00,0.025201674550771713
2025-04-19 12:00:00,0.024986643344163895
2025-04-19 13:00:00,0.02485748380422592
2025-04-19 14:00:00,0.0251920148730278
2025-04-19 15:00:00,0.02529938519001007
2025-04-19 16:00:00,0.02538176067173481
2025-04-19 17:00:00,0.02537277713418007
2025-04-19 18:00:00,0.025331202894449234
2025-04-19 19:00:00,0.02598819136619568
2025-04-19 20:00:00,0.026030080392956734
2025-04-19 21:00:00,0.025364307686686516
2025-04-19 22:00:00,0.02515411004424095
2025-04-19 23:00:00,0.025022778660058975
2025-04-20 00:00:00,0.024870533496141434
2025-04-20 01:00:00,0.024837017059326172
2025-04-20 02:00:00,0.025180596858263016
2025-04-20 03:00:00,0.02524402365088463
2025-04-20 04:00:00,0.025182925164699554
2025-04-20 05:00:00,0.025490913540124893
2025-04-20 06:00:00,0.02532123774290085
2025-04-20 07:00:00,0.0254446379840374
2025-04-20 08:00:00,0.02525128610432148
2025-04-20 09:00:00,0.025702785700559616
2025-04-20 10:00:00,0.025556646287441254
2025-04-20 11:00:00,0.02559552900493145
2025-04-20 12:00:00,0.02544712834060192
2025-04-20 13:00:00,0.025224171578884125
2025-04-20 14:00:00,0.025786977261304855
2025-04-20 15:00:00,0.025313640013337135
2025-04-20 16:00:00,0.02555876597762108
2025-04-20 17:00:00,0.025166105479002
2025-04-20 18:00:00,0.02528601512312889
2025-04-20 19:00:00,0.02521994337439537
2025-04-20 20:00:00,0.024590693414211273
2025-04-20 21:00:00,0.025237899273633957
2025-04-20 22:00:00,0.02539191022515297
2025-04-20 23:00:00,0.025364797562360764
2025-04-21 00:00:00,0.025755111128091812
2025-04-21 01:00:00,0.025676697492599487
2025-04-21 02:00:00,0.025431545451283455
2025-04-21 03:00:00,0.025342145934700966
2025-04-21 04:00:00,0.02537429705262184
2025-04-21 05:00:00,0.025629229843616486
2025-04-21 06:00:00,0.025371920317411423
2025-04-21 07:00:00,0.02538398653268814
2025-04-21 08:00:00,0.025478407740592957
2025-04-21 09:00:00,0.025534728541970253
2025-04-21 10:00:00,0.025297241285443306
2025-04-21 11:00:00,0.025158442556858063
2025-04-21 12:00:00,0.025140799582004547
2025-04-21 13:00:00,0.024967052042484283
2025-04-21 14:00:00,0.02446267381310463
2025-04-21 15:00:00,0.024904757738113403
2025-04-21 16:00:00,0.024707885459065437
2025-04-21 17:00:00,0.02462903782725334
2025-04-21 18:00:00,0.024817880243062973
2025-04-21 19:00:00,0.024659186601638794
2025-04-21 20:00:00,0.024796025827527046
2025-04-21 21:00:00,0.024877235293388367
2025-04-21 22:00:00,0.024805523455142975
2025-04-21 23:00:00,0.024477045983076096
2025-04-22 00:00:00,0.024450166150927544
2025-04-22 01:00:00,0.02468026988208294
2025-04-22 02:00:00,0.024759983643889427
2025-04-22 03:00:00,0.0247348565608263
2025-04-22 04:00:00,0.024525612592697144
2025-04-22 05:00:00,0.024573853239417076
2025-04-22 06:00:00,0.024722997099161148
2025-04-22 07:00:00,0.02467305213212967
2025-04-22 08:00:00,0.023918509483337402
2025-04-22 09:00:00,0.024410594254732132
2025-04-22 10:00:00,0.02407330460846424
2025-04-22 11:00:00,0.02452724426984787
2025-04-22 12:00:00,0.02408318966627121
2025-04-22 13:00:00,0.024011870846152306
2025-04-22 14:00:00,0.02449619583785534
2025-04-22 15:00:00,0.024627551436424255
2025-04-22 16:00:00,0.024420207366347313
2025-04-22 17:00:00,0.024906951934099197
2025-04-22 18:00:00,0.024762369692325592
2025-04-22 19:00:00,0.024480581283569336
2025-04-22 20:00:00,0.024336792528629303
2025-04-22 21:00:00,0.02416795864701271
2025-04-22 22:00:00,0.024533241987228394
2025-04-22 23:00:00,0.02437945455312729
2025-04-23 00:00:00,0.0245236586779356
2025-04-23 01:00:00,0.024752909317612648
2025-04-23 02:00:00,0.024984244257211685
2025-04-23 03:00:00,0.024941593408584595
2025-04-23 04:00:00,0.02490614727139473
2025-04-23 05:00:00,0.02498519979417324
2025-04-23 06:00:00,0.024793628603219986
2025-04-23 07:00:00,0.024936584755778313
2025-04-23 08:00:00,0.024407457560300827
2025-04-23 09:00:00,0.024678466841578484
2025-04-23 10:00:00,0.0248272605240345
2025-04-23 11:00:00,0.024895137175917625
2025-04-23 12:00:00,0.02490515261888504
2025-04-23 13:00:00,0.024390988051891327
2025-04-23 14:00:00,0.02461434341967106
2025-04-23 15:00:00,0.024611560627818108
2025-04-23 16:00:00,0.024941861629486084
2025-04-23 17:00:00,0.024702247232198715
2025-04-23 18:00:00,0.024464357644319534
2025-04-23 19:00:00,0.02460213005542755
2025-04-23 20:00:00,0.024578453972935677
2025-04-23 21:00:00,0.024380268529057503
2025-04-23 22:00:00,0.024810152128338814
2025-04-23 23:00:00,0.024826494976878166
2025-04-24 00:00:00,0.02497178688645363
2025-04-24 01:00:00,0.025176716968417168
2025-04-24 02:00:00,0.025167061015963554
2025-04-24 03:00:00,0.025365522131323814
2025-04-24 04:00:00,0.025250539183616638
2025-04-24 05:00:00,0.02503637596964836
2025-04-24 06:00:00,0.025315551087260246
2025-04-24 07:00:00,0.024846503511071205
2025-04-24 08:00:00,0.024839064106345177
2025-04-24 09:00:00,0.024683907628059387
2025-04-24 10:00:00,0.02481677569448948
2025-04-24 11:00:00,0.024787157773971558
2025-04-24 12:00:00,0.02527160942554474
2025-04-24 13:00:00,0.02527904324233532
2025-04-24 14:00:00,0.02519722655415535
2025-04-24 15:00:00,0.02502061426639557
2025-04-24 16:00:00,0.02504662051796913
2025-04-24 17:00:00,0.024976249784231186
2025-04-24 18:00:00,0.025055747479200363
2025-04-24 19:00:00,0.024921247735619545
2025-04-24 20:00:00,0.02499573864042759
2025-04-24 21:00:00,0.025042470544576645
2025-04-24 22:00:00,0.02500772848725319
2025-04-24 23:00:00,0.024785403162240982
2025-04-25 00:00:00,0.024663526564836502
2025-04-25 01:00:00,0.024563606828451157
2025-04-25 02:00:00,0.024630950763821602
2025-04-25 03:00:00,0.024693358689546585
2025-04-25 04:00:00,0.024753887206315994
2025-04-25 05:00:00,0.024883534759283066
2025-04-25 06:00:00,0.02460019662976265
2025-04-25 07:00:00,0.025192631408572197
2025-04-25 08:00:00,0.024935949593782425
2025-04-25 09:00:00,0.025028834119439125
2025-04-25 10:00:00,0.025102075189352036
2025-04-25 11:00:00,0.02489323914051056
2025-04-25 12:00:00,0.0249126348644495
2025-04-25 13:00:00,0.024997374042868614
2025-04-25 14:00:00,0.025220081210136414
2025-04-25 15:00:00,0.02520807459950447
2025-04-25 16:00:00,0.02555800788104534
2025-04-25 17:00:00,0.02512887492775917
2025-04-25 18:00:00,0.02534744143486023
2025-04-25 19:00:00,0.024908702820539474
2025-04-25 20:00:00,0.025388967245817184
2025-04-25 21:00:00,0.025303805246949196
2025-04-25 22:00:00,0.025231746956706047
2025-04-25 23:00:00,0.025164365768432617
2025-04-26 00:00:00,0.02475779503583908
2025-04-26 01:00:00,0.025191910564899445
2025-04-26 02:00:00,0.02554817870259285
2025-04-26 03:00:00,0.025638490915298462
2025-04-26 04:00:00,0.02588069438934326
2025-04-26 05:00:00,0.025578370317816734
2025-04-26 06:00:00,0.02569674141705036
2025-04-26 07:00:00,0.026010792702436447
2025-04-26 08:00:00,0.025903530418872833
2025-04-26 09:00:00,0.025501755997538567
2025-04-26 10:00:00,0.02605021931231022
2025-04-26 11:00:00,0.02615424059331417
2025-04-26 12:00:00,0.025988686829805374
2025-04-26 13:00:00,0.025891728699207306
2025-04-26 14:00:00,0.025617098435759544
2025-04-26 15:00:00,0.025785282254219055
2025-04-26 16:00:00,0.026312045753002167
2025-04-26 17:00:00,0.026315489783883095
2025-04-26 18:00:00,0.026002798229455948
2025-04-26 19:00:00,0.025628160685300827
2025-04-26 20:00:00,0.025562036782503128
2025-04-26 21:00:00,0.02580360695719719
2025-04-26 22:00:00,0.025431020185351372
2025-04-26 23:00:00,0.02532384730875492
2025-04-27 00:00:00,0.025843868032097816
2025-04-27 01:00:00,0.025554170832037926
2025-04-27 02:00:00,0.02558032050728798
2025-04-27 03:00:00,0.02561313472688198
2025-04-27 04:00:00,0.02548907697200775
2025-04-27 05:00:00,0.02536424994468689
2025-04-27 06:00:00,0.02539936639368534
2025-04-27 07:00:00,0.025312822312116623
2025-04-27 08:00:00,0.0251271054148674
2025-04-27 09:00:00,0.025135153904557228
2025-04-27 10:00:00,0.02523970603942871
2025-04-27 11:00:00,0.025171130895614624
2025-04-27 12:00:00,0.025038383901119232
2025-04-27 13:00:00,0.024912677705287933
2025-04-27 14:00:00,0.02506876550614834
2025-04-27 15:00:00,0.0250223558396101
2025-04-27 16:00:00,0.025560412555933
2025-04-27 17:00:00,0.02537127584218979
2025-04-27 18:00:00,0.025306038558483124
2025-04-27 19:00:00,0.025218786671757698
2025-04-27 20:00:00,0.02537057176232338
2025-04-27 21:00:00,0.025395959615707397
2025-04-27 22:00:00,0.025418248027563095
2025-04-27 23:00:00,0.025248991325497627
2025-04-28 00:00:00,0.025084566324949265
2025-04-28 01:00:00,0.025075968354940414
2025-04-28 02:00:00,0.025007618591189384
2025-04-28 03:00:00,0.024743959307670593
2025-04-28 04:00:00,0.024303432554006577
2025-04-28 05:00:00,0.024411015212535858
2025-04-28 06:00:00,0.02494635246694088
2025-04-28 07:00:00,0.024432504549622536
2025-04-28 08:00:00,0.024475473910570145
2025-04-28 09:00:00,0.024470821022987366
2025-04-28 10:00:00,0.024660415947437286
2025-04-28 11:00:00,0.024936269968748093
2025-04-28 12:00:00,0.02525370381772518
2025-04-28 13:00:00,0.024710163474082947
2025-04-28 14:00:00,0.0244167298078537
2025-04-28 15:00:00,0.02474231645464897
2025-04-28 16:00:00,0.024420592933893204
2025-04-28 17:00:00,0.02442995458841324
2025-04-28 18:00:00,0.024594878777861595
2025-04-28 19:00:00,0.024589508771896362
2025-04-28 20:00:00,0.024487057700753212
2025-04-28 21:00:00,0.02431240864098072
2025-04-28 22:00:00,0.024974605068564415
2025-04-28 23:00:00,0.024659553542733192
2025-04-29 00:00:00,0.024940861389040947
2025-04-29 01:00:00,0.02516423538327217
2025-04-29 02:00:00,0.024730950593948364
2025-04-29 03:00:00,0.024896245449781418
2025-04-29 04:00:00,0.025233421474695206
2025-04-29 05:00:00,0.025112511590123177
2025-04-29 06:00:00,0.0249437615275383
2025-04-29 07:00:00,0.025522001087665558
2025-04-29 08:00:00,0.02538914605975151
2025-04-29 09:00:00,0.025372326374053955
2025-04-29 10:00:00,0.025190891698002815
2025-04-29 11:00:00,0.025071464478969574
2025-04-29 12:00:00,0.024599330499768257
2025-04-29 13:00:00,0.025074323639273643
2025-04-29 14:00:00,0.025031356140971184
2025-04-29 15:00:00,0.02480049431324005
2025-04-29 16:00:00,0.025310475379228592
2025-04-29 17:00:00,0.025000642985105515
2025-04-29 18:00:00,0.024908725172281265
2025-04-29 19:00:00,0.02533123642206192
2025-04-29 20:00:00,0.025326766073703766
2025-04-29 21:00:00,0.025033602491021156
2025-04-29 22:00:00,0.02536630630493164
2025-04-29 23:00:00,0.025333251804113388
2025-04-30 00:00:00,0.02493913285434246
2025-04-30 01:00:00,0.02514038421213627
2025-04-30 02:00:00,0.0252853836864233
2025-04-30 03:00:00,0.025182906538248062
2025-04-30 04:00:00,0.025035936385393143
2025-04-30 05:00:00,0.025436069816350937
2025-04-30 06:00:00,0.025130948051810265
2025-04-30 07:00:00,0.024940766394138336
2025-04-30 08:00:00,0.025245830416679382
2025-04-30 09:00:00,0.02537321299314499
2025-04-30 10:00:00,0.025189746171236038
2025-04-30 11:00:00,0.025262635201215744
2025-04-30 12:00:00,0.025315724313259125
2025-04-30 13:00:00,0.02558828517794609
2025-04-30 14:00:00,0.025919605046510696
2025-04-30 15:00:00,0.025770200416445732
2025-04-30 16:00:00,0.026022717356681824
2025-04-30 17:00:00,0.025906210765242577
2025-04-30 18:00:00,0.026099054142832756
2025-04-30 19:00:00,0.02593860775232315
2025-04-30 20:00:00,0.025985470041632652
2025-04-30 21:00:00,0.02594044804573059
2025-04-30 22:00:00,0.02578398957848549
2025-04-30 23:00:00,0.02559003420174122
2025-05-01 00:00:00,0.025566330179572105
2025-05-01 01:00:00,0.02543455734848976
2025-05-01 02:00:00,0.025674043223261833
2025-05-01 03:00:00,0.025715220719575882
2025-05-01 04:00:00,0.025779949501156807
2025-05-01 05:00:00,0.02572743594646454
2025-05-01 06:00:00,0.025351278483867645
2025-05-01 07:00:00,0.025578808039426804
2025-05-01 08:00:00,0.0254716444760561
2025-05-01 09:00:00,0.02581937424838543
2025-05-01 10:00:00,0.02546437829732895
2025-05-01 11:00:00,0.025502672418951988
2025-05-01 12:00:00,0.025194259360432625
2025-05-01 13:00:00,0.025295237079262733
2025-05-01 14:00:00,0.025638770312070847
2025-05-01 15:00:00,0.025288376957178116
2025-05-01 16:00:00,0.025797639042139053
2025-05-01 17:00:00,0.025546997785568237
2025-05-01 18:00:00,0.025566883385181427
2025-05-01 19:00:00,0.025583738461136818
2025-05-01 20:00:00,0.025626137852668762
2025-05-01 21:00:00,0.025372380390763283
2025-05-01 22:00:00,0.025587836280465126
2025-05-01 23:00:00,0.025462448596954346
2025-05-02 00:00:00,0.02539324387907982
2025-05-02 01:00:00,0.025502558797597885
2025-05-02 02:00:00,0.025551361963152885
2025-05-02 03:00:00,0.025643691420555115
2025-05-02 04:00:00,0.025491081178188324
2025-05-02 05:00:00,0.025545727461576462
2025-05-02 06:00:00,0.02574767917394638
2025-05-02 07:00:00,0.026082612574100494
2025-05-02 08:00:00,0.025803599506616592
2025-05-02 09:00:00,0.026099292561411858
2025-05-02 10:00:00,0.026074744760990143
2025-05-02 11:00:00,0.026002783328294754
2025-05-02 12:00:00,0.025838330388069153
2025-05-02 13:00:00,0.025937436148524284
2025-05-02 14:00:00,0.026097111403942108
2025-05-02 15:00:00,0.026119280606508255
2025-05-02 16:00:00,0.026244977489113808
2025-05-02 17:00:00,0.026345571503043175
2025-05-02 18:00:00,0.026204079389572144
2025-05-02 19:00:00,0.026035284623503685
2025-05-02 20:00:00,0.02643703855574131
2025-05-02 21:00:00,0.02662615291774273
2025-05-02 22:00:00,0.026475492864847183
2025-05-02 23:00:00,0.026181699708104134
2025-05-03 00:00:00,0.026481252163648605
2025-05-03 01:00:00,0.026491016149520874
2025-05-03 02:00:00,0.026530779898166656
2025-05-03 03:00:00,0.026424026116728783
2025-05-03 04:00:00,0.026551730930805206
2025-05-03 05:00:00,0.02651817724108696
2025-05-03 06:00:00,0.02639574185013771
2025-05-03 07:00:00,0.02638603001832962
2025-05-03 08:00:00,0.026367727667093277
2025-05-03 09:00:00,0.026519957929849625
2025-05-03 10:00:00,0.0263223759829998
2025-05-03 11:00:00,0.025850705802440643
2025-05-03 12:00:00,0.026314854621887207
2025-05-03 13:00:00,0.025641076266765594
2025-05-03 14:00:00,0.025440162047743797
2025-05-03 15:00:00,0.025769706815481186
2025-05-03 16:00:00,0.025612374767661095
2025-05-03 17:00:00,0.025775987654924393
2025-05-03 18:00:00,0.025625845417380333
2025-05-03 19:00:00,0.025492824614048004
2025-05-03 20:00:00,0.02538328990340233
2025-05-03 21:00:00,0.025822525843977928
2025-05-03 22:00:00,0.02553846687078476
2025-05-03 23:00:00,0.02586352825164795
2025-05-04 00:00:00,0.026181280612945557
2025-05-04 01:00:00,0.025598593056201935
2025-05-04 02:00:00,0.025591911748051643
2025-05-04 03:00:00,0.025898398831486702
2025-05-04 04:00:00,0.02578083612024784
2025-05-04 05:00:00,0.025486305356025696
2025-05-04 06:00:00,0.025490107014775276
2025-05-04 07:00:00,0.02554965764284134
2025-05-04 08:00:00,0.02559046633541584
2025-05-04 09:00:00,0.025122426450252533
2025-05-04 10:00:00,0.025116829201579094
2025-05-04 11:00:00,0.025383448228240013
2025-05-04 12:00:00,0.025700872763991356
2025-05-04 13:00:00,0.026116177439689636
2025-05-04 14:00:00,0.02584841474890709
2025-05-04 15:00:00,0.025368761271238327
2025-05-04 16:00:00,0.02570490725338459
2025-05-04 17:00:00,0.025450225919485092
2025-05-04 18:00:00,0.025803614407777786
2025-05-04 19:00:00,0.025905746966600418
2025-05-04 20:00:00,0.025851726531982422
2025-05-04 21:00:00,0.025382671505212784
2025-05-04 22:00:00,0.02538941241800785
2025-05-04 23:00:00,0.025648733600974083
2025-05-05 00:00:00,0.02519197389483452
2025-05-05 01:00:00,0.024981290102005005
2025-05-05 02:00:00,0.02512880228459835
2025-05-05 03:00:00,0.024945417419075966
2025-05-05 04:00:00,0.024959759786725044
2025-05-05 05:00:00,0.025210874155163765
2025-05-05 06:00:00,0.025294341146945953
2025-05-05 07:00:00,0.025301823392510414
2025-05-05 08:00:00,0.0251056719571352
2025-05-05 09:00:00,0.025101564824581146
2025-05-05 10:00:00,0.025113731622695923
2025-05-05 11:00:00,0.024978311732411385
2025-05-05 12:00:00,0.025291871279478073
2025-05-05 13:00:00,0.02483866736292839
2025-05-05 14:00:00,0.025404300540685654
2025-05-05 15:00:00,0.025719214230775833
2025-05-05 16:00:00,0.02515587769448757
2025-05-05 17:00:00,0.025461336597800255
2025-05-05 18:00:00,0.025417126715183258
2025-05-05 19:00:00,0.025236397981643677
2025-05-05 20:00:00,0.025185583159327507
2025-05-05 21:00:00,0.025452814996242523
2025-05-05 22:00:00,0.025526167824864388
2025-05-05 23:00:00,0.025905411690473557
2025-05-06 00:00:00,0.025908879935741425
2025-05-06 01:00:00,0.025513041764497757
2025-05-06 02:00:00,0.025827741250395775
2025-05-06 03:00:00,0.025856375694274902
2025-05-06 04:00:00,0.02584918588399887
2025-05-06 05:00:00,0.026087701320648193
2025-05-06 06:00:00,0.02622123435139656
2025-05-06 07:00:00,0.02568451687693596
2025-05-06 08:00:00,0.025767771527171135
2025-05-06 09:00:00,0.025657767429947853
2025-05-06 10:00:00,0.02583411894738674
2025-05-06 11:00:00,0.025942865759134293
2025-05-06 12:00:00,0.02563798800110817
2025-05-06 13:00:00,0.025783346965909004
2025-05-06 14:00:00,0.025990057736635208
2025-05-06 15:00:00,0.026450568810105324
2025-05-06 16:00:00,0.025864049792289734
2025-05-06 17:00:00,0.026037441566586494
2025-05-06 18:00:00,0.025804981589317322
2025-05-06 19:00:00,0.025736654177308083
2025-05-06 20:00:00,0.026195812970399857
2025-05-06 21:00:00,0.025959018617868423
2025-05-06 22:00:00,0.026406019926071167
2025-05-06 23:00:00,0.026159461587667465
2025-05-07 00:00:00,0.02627180889248848
2025-05-07 01:00:00,0.02644619345664978
2025-05-07 02:00:00,0.026604505255818367
2025-05-07 03:00:00,0.026188913732767105
2025-05-07 04:00:00,0.02612926810979843
2025-05-07 05:00:00,0.026256676763296127
2025-05-07 06:00:00,0.02631315588951111
2025-05-07 07:00:00,0.026336748152971268
2025-05-07 08:00:00,0.02606973610818386
2025-05-07 09:00:00,0.026069704443216324
2025-05-07 10:00:00,0.02604239247739315
2025-05-07 11:00:00,0.026131853461265564
2025-05-07 12:00:00,0.026039324700832367
2025-05-07 13:00:00,0.025888873264193535
2025-05-07 14:00:00,0.025977879762649536
2025-05-07 15:00:00,0.025988996028900146
2025-05-07 16:00:00,0.026272989809513092
2025-05-07 17:00:00,0.0260126031935215
2025-05-07 18:00:00,0.02597178891301155
2025-05-07 19:00:00,0.026050256565213203
2025-05-07 20:00:00,0.026232939213514328
2025-05-07 21:00:00,0.02594587579369545
2025-05-07 22:00:00,0.02570122666656971
2025-05-07 23:00:00,0.025988200679421425
2025-05-08 00:00:00,0.025831475853919983
2025-05-08 01:00:00,0.026030095294117928
2025-05-08 02:00:00,0.025868186727166176
2025-05-08 03:00:00,0.025907272472977638
2025-05-08 04:00:00,0.025808777660131454
2025-05-08 05:00:00,0.026096440851688385
2025-05-08 06:00:00,0.026368075981736183
2025-05-08 07:00:00,0.02646947279572487
2025-05-08 08:00:00,0.02624792605638504
2025-05-08 09:00:00,0.026619737967848778
2025-05-08 10:00:00,0.02653655968606472
2025-05-08 11:00:00,0.026956047862768173
2025-05-08 12:00:00,0.02668650820851326
2025-05-08 13:00:00,0.02643638476729393
2025-05-08 14:00:00,0.026746852323412895
2025-05-08 15:00:00,0.02656077779829502
2025-05-08 16:00:00,0.026328381150960922
2025-05-08 17:00:00,0.02592099830508232
2025-05-08 18:00:00,0.025628946721553802
2025-05-08 19:00:00,0.026080777868628502
2025-05-08 20:00:00,0.0259378831833601
2025-05-08 21:00:00,0.026165371760725975
2025-05-08 22:00:00,0.025778450071811676
2025-05-08 23:00:00,0.026062341406941414
2025-05-09 00:00:00,0.026368767023086548
2025-05-09 01:00:00,0.026487503200769424
2025-05-09 02:00:00,0.02686525508761406
2025-05-09 03:00:00,0.026757266372442245
2025-05-09 04:00:00,0.026615068316459656
2025-05-09 05:00:00,0.026987623423337936
2025-05-09 06:00:00,0.02769109234213829
2025-05-09 07:00:00,0.02762557938694954
2025-05-09 08:00:00,0.027174796909093857
2025-05-09 09:00:00,0.027339395135641098
2025-05-09 10:00:00,0.02718040905892849
2025-05-09 11:00:00,0.026883989572525024
2025-05-09 12:00:00,0.027022097259759903
2025-05-09 13:00:00,0.027182545512914658
2025-05-09 14:00:00,0.02703862451016903
2025-05-09 15:00:00,0.02704094722867012
2025-05-09 16:00:00,0.026814976707100868
2025-05-09 17:00:00,0.02722017467021942
2025-05-09 18:00:00,0.02740536630153656
2025-05-09 19:00:00,0.027369705960154533
2025-05-09 20:00:00,0.027674967423081398
2025-05-09 21:00:00,0.02715042605996132
2025-05-09 22:00:00,0.027135932818055153
2025-05-09 23:00:00,0.02687794156372547
2025-05-10 00:00:00,0.026876229792833328
2025-05-10 01:00:00,0.026758478954434395
2025-05-10 02:00:00,0.026865394786000252
2025-05-10 03:00:00,0.026767568662762642
2025-05-10 04:00:00,0.026850905269384384
2025-05-10 05:00:00,0.026691526174545288
2025-05-10 06:00:00,0.0269545316696167
2025-05-10 07:00:00,0.0273484718054533
2025-05-10 08:00:00,0.02748142182826996
2025-05-10 09:00:00,0.02753002941608429
2025-05-10 10:00:00,0.027349242940545082
2025-05-10 11:00:00,0.027016403153538704
2025-05-10 12:00:00,0.02700110152363777
2025-05-10 13:00:00,0.026812409982085228
2025-05-10 14:00:00,0.026796123012900352
2025-05-10 15:00:00,0.02677486091852188
2025-05-10 16:00:00,0.026773609220981598
2025-05-10 17:00:00,0.027014058083295822
2025-05-10 18:00:00,0.027134595438838005
2025-05-10 19:00:00,0.027185505256056786
2025-05-10 20:00:00,0.027179978787899017
2025-05-10 21:00:00,0.027399200946092606
2025-05-10 22:00:00,0.027537330985069275
2025-05-10 23:00:00,0.027556931599974632
2025-05-11 00:00:00,0.027384264394640923
2025-05-11 01:00:00,0.02748185396194458
2025-05-11 02:00:00,0.02736493945121765
2025-05-11 03:00:00,0.02731475792825222
2025-05-11 04:00:00,0.027122236788272858
2025-05-11 05:00:00,0.027289612218737602
2025-05-11 06:00:00,0.027430422604084015
2025-05-11 07:00:00,0.027643421664834023
2025-05-11 08:00:00,0.02751002460718155
2025-05-11 09:00:00,0.02731499634683132
2025-05-11 10:00:00,0.027305783703923225
2025-05-11 11:00:00,0.027416370809078217
2025-05-11 12:00:00,0.027371324598789215
2025-05-11 13:00:00,0.027461476624011993
2025-05-11 14:00:00,0.027867894619703293
2025-05-11 15:00:00,0.027651473879814148
2025-05-11 16:00:00,0.02767232619225979
2025-05-11 17:00:00,0.02736164629459381
2025-05-11 18:00:00,0.027686405926942825
2025-05-11 19:00:00,0.027397053316235542
2025-05-11 20:00:00,0.02767511084675789
2025-05-11 21:00:00,0.02773226983845234
2025-05-11 22:00:00,0.02768000401556492
2025-05-11 23:00:00,0.02758672460913658
2025-05-12 00:00:00,0.02777201309800148
2025-05-12 01:00:00,0.027643898501992226
2025-05-12 02:00:00,0.02752610854804516
2025-05-12 03:00:00,0.0274523738771677
2025-05-12 04:00:00,0.027807490900158882
2025-05-12 05:00:00,0.02738076262176037
2025-05-12 06:00:00,0.027548789978027344
2025-05-12 07:00:00,0.02746550366282463
2025-05-12 08:00:00,0.027430091053247452
2025-05-12 09:00:00,0.028056690469384193
2025-05-12 10:00:00,0.02782198041677475
2025-05-12 11:00:00,0.02758299931883812
2025-05-12 12:00:00,0.027356501668691635
2025-05-12 13:00:00,0.027233868837356567
2025-05-12 14:00:00,0.027556395158171654
2025-05-12 15:00:00,0.027313528582453728
2025-05-12 16:00:00,0.027343472465872765
2025-05-12 17:00:00,0.027003809809684753
2025-05-12 18:00:00,0.02697085030376911
2025-05-12 19:00:00,0.02735380455851555
2025-05-12 20:00:00,0.027644824236631393
2025-05-12 21:00:00,0.027799177914857864
2025-05-12 22:00:00,0.027790606021881104
2025-05-12 23:00:00,0.02804758958518505
2025-05-13 00:00:00,0.027938324958086014
2025-05-13 01:00:00,0.028160808607935905
2025-05-13 02:00:00,0.02806868404150009
2025-05-13 03:00:00,0.028056634590029716
2025-05-13 04:00:00,0.02808034047484398
2025-05-13 05:00:00,0.028399311006069183
2025-05-13 06:00:00,0.028032833710312843
2025-05-13 07:00:00,0.027691494673490524
2025-05-13 08:00:00,0.027926195412874222
2025-05-13 09:00:00,0.028007807210087776
2025-05-13 10:00:00,0.028485609218478203
2025-05-13 11:00:00,0.02803230844438076
2025-05-13 12:00:00,0.02764206938445568
2025-05-13 13:00:00,0.027777494862675667
2025-05-13 14:00:00,0.027800381183624268
2025-05-13 15:00:00,0.028048768639564514
2025-05-13 16:00:00,0.028317509219050407
2025-05-13 17:00:00,0.028401436284184456
2025-05-13 18:00:00,0.028676336631178856
2025-05-13 19:00:00,0.028889041393995285
2025-05-13 20:00:00,0.028375372290611267
2025-05-13 21:00:00,0.02837621234357357
2025-05-13 22:00:00,0.028376083821058273
2025-05-13 23:00:00,0.02903980016708374
2025-05-14 00:00:00,0.028581440448760986
2025-05-14 01:00:00,0.028249939903616905
2025-05-14 02:00:00,0.028681984171271324
2025-05-14 03:00:00,0.02862253598868847
2025-05-14 04:00:00,0.028655242174863815
2025-05-14 05:00:00,0.028545957058668137
2025-05-14 06:00:00,0.028651468455791473
2025-05-14 07:00:00,0.028587643057107925
2025-05-14 08:00:00,0.02872861921787262
2025-05-14 09:00:00,0.02828514203429222
2025-05-14 10:00:00,0.028195824474096298
2025-05-14 11:00:00,0.028149697929620743
2025-05-14 12:00:00,0.028434690088033676
2025-05-14 13:00:00,0.02836146578192711
2025-05-14 14:00:00,0.028495337814092636
2025-05-14 15:00:00,0.028372202068567276
2025-05-14 16:00:00,0.02836628444492817
2025-05-14 17:00:00,0.02834073267877102
2025-05-14 18:00:00,0.028186820447444916
2025-05-14 19:00:00,0.028030261397361755
2025-05-14 20:00:00,0.02777107246220112
2025-05-14 21:00:00,0.02755437046289444
2025-05-14 22:00:00,0.02775280922651291
2025-05-14 23:00:00,0.02779195085167885
2025-05-15 00:00:00,0.028946783393621445
2025-05-15 01:00:00,0.028706824406981468
2025-05-15 02:00:00,0.02898629568517208
2025-05-15 03:00:00,0.028759734705090523
2025-05-15 04:00:00,0.02892794832587242
2025-05-15 05:00:00,0.028455134481191635
2025-05-15 06:00:00,0.02888619340956211
2025-05-15 07:00:00,0.028777237981557846
2025-05-15 08:00:00,0.028729669749736786
2025-05-15 09:00:00,0.02861778438091278
2025-05-15 10:00:00,0.028981074690818787
2025-05-15 11:00:00,0.028784330934286118
2025-05-15 12:00:00,0.029373958706855774
2025-05-15 13:00:00,0.029130278155207634
2025-05-15 14:00:00,0.029084328562021255
2025-05-15 15:00:00,0.029468903318047523
2025-05-15 16:00:00,0.02948656491935253
2025-05-15 17:00:00,0.029625998809933662
2025-05-15 18:00:00,0.029270073398947716
2025-05-15 19:00:00,0.029194673523306847
2025-05-15 20:00:00,0.0294108334928751
2025-05-15 21:00:00,0.029497040435671806
2025-05-15 22:00:00,0.029213707894086838
2025-05-15 23:00:00,0.029314666986465454
2025-05-16 00:00:00,0.0289720818400383
2025-05-16 01:00:00,0.02912255749106407
2025-05-16 02:00:00,0.029169902205467224
2025-05-16 03:00:00,0.029148733243346214
2025-05-16 04:00:00,0.028961244970560074
2025-05-16 05:00:00,0.0288699958473444
2025-05-16 06:00:00,0.028600314632058144
2025-05-16 07:00:00,0.028560739010572433
2025-05-16 08:00:00,0.028302283957600594
2025-05-16 09:00:00,0.028651783242821693
2025-05-16 10:00:00,0.029082821682095528
2025-05-16 11:00:00,0.029228759929537773
2025-05-16 12:00:00,0.029228322207927704
2025-05-16 13:00:00,0.028804350644350052
2025-05-16 14:00:00,0.028828492388129234
2025-05-16 15:00:00,0.02865849994122982
2025-05-16 16:00:00,0.028898561373353004
2025-05-16 17:00:00,0.028991680592298508
2025-05-16 18:00:00,0.028817515820264816
2025-05-16 19:00:00,0.028469998389482498
2025-05-16 20:00:00,0.02837560884654522
2025-05-16 21:00:00,0.02824597805738449
2025-05-16 22:00:00,0.028335200622677803
2025-05-16 23:00:00,0.028238072991371155
2025-05-17 00:00:00,0.02853199653327465
2025-05-17 01:00:00,0.028486039489507675
2025-05-17 02:00:00,0.02872632071375847
2025-05-17 03:00:00,0.028637848794460297
2025-05-17 04:00:00,0.02836715430021286
2025-05-17 05:00:00,0.028018519282341003
2025-05-17 06:00:00,0.02827039361000061
2025-05-17 07:00:00,0.028371889144182205
2025-05-17 08:00:00,0.027776991948485374
2025-05-17 09:00:00,0.0283038429915905
2025-05-17 10:00:00,0.02856048010289669
2025-05-17 11:00:00,0.027753440663218498
2025-05-17 12:00:00,0.02809503674507141
2025-05-17 13:00:00,0.028551537543535233
2025-05-17 14:00:00,0.028317999094724655
2025-05-17 15:00:00,0.028406232595443726
2025-05-17 16:00:00,0.028537768870592117
2025-05-17 17:00:00,0.02834435924887657
2025-05-17 18:00:00,0.02770671248435974
2025-05-17 19:00:00,0.02861017733812332
2025-05-17 20:00:00,0.028419682756066322
2025-05-17 21:00:00,0.028271134942770004
2025-05-17 22:00:00,0.028164610266685486
2025-05-17 23:00:00,0.028292929753661156
2025-05-18 00:00:00,0.02816895768046379
2025-05-18 01:00:00,0.02808152139186859
2025-05-18 02:00:00,0.028202857822179794
2025-05-18 03:00:00,0.028086809441447258
2025-05-18 04:00:00,0.0279680285602808
2025-05-18 05:00:00,0.028249716386198997
2025-05-18 06:00:00,0.028180792927742004
2025-05-18 07:00:00,0.0283377505838871
2025-05-18 08:00:00,0.02824203297495842
2025-05-18 09:00:00,0.02784338966012001
2025-05-18 10:00:00,0.028024962171912193
2025-05-18 11:00:00,0.02818041481077671
2025-05-18 12:00:00,0.028123613446950912
2025-05-18 13:00:00,0.02818981744349003
2025-05-18 14:00:00,0.028143221512436867
2025-05-18 15:00:00,0.027940336614847183
2025-05-18 16:00:00,0.02711268700659275
2025-05-18 17:00:00,0.0273420587182045
2025-05-18 18:00:00,0.02761768363416195
2025-05-18 19:00:00,0.027454081922769547
2025-05-18 20:00:00,0.027675410732626915
2025-05-18 21:00:00,0.027333777397871017
2025-05-18 22:00:00,0.02741840109229088
2025-05-18 23:00:00,0.02763393521308899
2025-05-19 00:00:00,0.027854736894369125
2025-05-19 01:00:00,0.027719518169760704
2025-05-19 02:00:00,0.027639634907245636
2025-05-19 03:00:00,0.027780286967754364
2025-05-19 04:00:00,0.028072847053408623
2025-05-19 05:00:00,0.028385072946548462
2025-05-19 06:00:00,0.02824779413640499
2025-05-19 07:00:00,0.027181165292859077
2025-05-19 08:00:00,0.027430115267634392
2025-05-19 09:00:00,0.02743609994649887
2025-05-19 10:00:00,0.027785681188106537
2025-05-19 11:00:00,0.02781107649207115
2025-05-19 12:00:00,0.02754671312868595
2025-05-19 13:00:00,0.027781274169683456
2025-05-19 14:00:00,0.028008095920085907
2025-05-19 15:00:00,0.027954980731010437
2025-05-19 16:00:00,0.027884118258953094
2025-05-19 17:00:00,0.02769744023680687
2025-05-19 18:00:00,0.027596721425652504
2025-05-19 19:00:00,0.02757614105939865
2025-05-19 20:00:00,0.02766648679971695
2025-05-19 21:00:00,0.02756715752184391
2025-05-19 22:00:00,0.02799469232559204
2025-05-19 23:00:00,0.02777937240898609
2025-05-20 00:00:00,0.027964720502495766
2025-05-20 01:00:00,0.027376435697078705
2025-05-20 02:00:00,0.028184855356812477
2025-05-20 03:00:00,0.028050752356648445
2025-05-20 04:00:00,0.027629278600215912
2025-05-20 05:00:00,0.02783173695206642
2025-05-20 06:00:00,0.027691220864653587
2025-05-20 07:00:00,0.027858369052410126
2025-05-20 08:00:00,0.028460845351219177
2025-05-20 09:00:00,0.028209365904331207
2025-05-20 10:00:00,0.02838391438126564
2025-05-20 11:00:00,0.028462350368499756
2025-05-20 12:00:00,0.028337709605693817
2025-05-20 13:00:00,0.028297698125243187
2025-05-20 14:00:00,0.02832624688744545
2025-05-20 15:00:00,0.028163012117147446
2025-05-20 16:00:00,0.02818312495946884
2025-05-20 17:00:00,0.02831536903977394
2025-05-20 18:00:00,0.028277505189180374
2025-05-20 19:00:00,0.027911778539419174
2025-05-20 20:00:00,0.028081780299544334
2025-05-20 21:00:00,0.02782447077333927
2025-05-20 22:00:00,0.028233958408236504
2025-05-20 23:00:00,0.02776736207306385
2025-05-21 00:00:00,0.02826925367116928
2025-05-21 01:00:00,0.028111040592193604
2025-05-21 02:00:00,0.02799975872039795
2025-05-21 03:00:00,0.02835979126393795
2025-05-21 04:00:00,0.027995869517326355
2025-05-21 05:00:00,0.028288934379816055
2025-05-21 06:00:00,0.028417430818080902
2025-05-21 07:00:00,0.028469476848840714
2025-05-21 08:00:00,0.028106899932026863
2025-05-21 09:00:00,0.02815261483192444
2025-05-21 10:00:00,0.028343435376882553
2025-05-21 11:00:00,0.028046905994415283
2025-05-21 12:00:00,0.028277236968278885
2025-05-21 13:00:00,0.027961285784840584
2025-05-21 14:00:00,0.02829584851861
2025-05-21 15:00:00,0.028081944212317467
2025-05-21 16:00:00,0.027916761115193367
2025-05-21 17:00:00,0.02794884517788887
2025-05-21 18:00:00,0.02822159230709076
2025-05-21 19:00:00,0.02802114374935627
2025-05-21 20:00:00,0.02804267406463623
2025-05-21 21:00:00,0.02848527953028679
2025-05-21 22:00:00,0.028260353952646255
2025-05-21 23:00:00,0.027930419892072678
2025-05-22 00:00:00,0.027823155745863914
2025-05-22 01:00:00,0.027719896286725998
2025-05-22 02:00:00,0.027615943923592567
2025-05-22 03:00:00,0.027534622699022293
2025-05-22 04:00:00,0.028464676812291145
2025-05-22 05:00:00,0.028016071766614914
2025-05-22 06:00:00,0.027742240577936172
2025-05-22 07:00:00,0.027956273406744003
2025-05-22 08:00:00,0.027333348989486694
2025-05-22 09:00:00,0.0272334236651659
2025-05-22 10:00:00,0.027732769027352333
2025-05-22 11:00:00,0.027653103694319725
2025-05-22 12:00:00,0.027533860877156258
2025-05-22 13:00:00,0.027950769290328026
2025-05-22 14:00:00,0.027845485135912895
2025-05-22 15:00:00,0.027447259053587914
2025-05-22 16:00:00,0.02759886346757412
2025-05-22 17:00:00,0.02750406786799431
2025-05-22 18:00:00,0.02777150459587574
2025-05-22 19:00:00,0.027616256847977638
2025-05-22 20:00:00,0.027382900938391685
2025-05-22 21:00:00,0.028179502114653587
2025-05-22 22:00:00,0.027622612193226814
2025-05-22 23:00:00,0.02792043425142765
2025-05-23 00:00:00,0.027693426236510277
2025-05-23 01:00:00,0.027795813977718353
2025-05-23 02:00:00,0.02797449752688408
2025-05-23 03:00:00,0.028187906369566917
2025-05-23 04:00:00,0.028264181688427925
2025-05-23 05:00:00,0.02797699347138405
2025-05-23 06:00:00,0.02812870219349861
2025-05-23 07:00:00,0.027888644486665726
2025-05-23 08:00:00,0.027950793504714966
2025-05-23 09:00:00,0.02786102332174778
2025-05-23 10:00:00,0.028164956718683243
2025-05-23 11:00:00,0.028303707018494606
2025-05-23 12:00:00,0.02768537774682045
2025-05-23 13:00:00,0.028189973905682564
2025-05-23 14:00:00,0.028225740417838097
2025-05-23 15:00:00,0.027853265404701233
2025-05-23 16:00:00,0.028060175478458405
2025-05-23 17:00:00,0.028310688212513924
2025-05-23 18:00:00,0.02809336967766285
2025-05-23 19:00:00,0.028492877259850502
2025-05-23 20:00:00,0.028736930340528488
2025-05-23 21:00:00,0.028681689873337746
2025-05-23 22:00:00,0.028363926336169243
2025-05-23 23:00:00,0.02842523343861103
2025-05-24 00:00:00,0.028422700241208076
2025-05-24 01:00:00,0.028549352660775185
2025-05-24 02:00:00,0.02848103642463684
2025-05-24 03:00:00,0.028464462608098984
2025-05-24 04:00:00,0.02847689390182495
2025-05-24 05:00:00,0.028451034799218178
2025-05-24 06:00:00,0.028382759541273117
2025-05-24 07:00:00,0.028734732419252396
2025-05-24 08:00:00,0.02843668684363365
2025-05-24 09:00:00,0.02878187783062458
2025-05-24 10:00:00,0.028726838529109955
2025-05-24 11:00:00,0.028474729508161545
2025-05-24 12:00:00,0.028675055131316185
2025-05-24 13:00:00,0.028618253767490387
2025-05-24 14:00:00,0.02860007807612419
2025-05-24 15:00:00,0.0284970011562109
2025-05-24 16:00:00,0.028552331030368805
2025-05-24 17:00:00,0.02849561534821987
2025-05-24 18:00:00,0.028766976669430733
2025-05-24 19:00:00,0.028762202709913254
2025-05-24 20:00:00,0.028497368097305298
2025-05-24 21:00:00,0.0288921557366848
2025-05-24 22:00:00,0.029256487265229225
2025-05-24 23:00:00,0.028565680608153343
2025-05-25 00:00:00,0.029398713260889053
2025-05-25 01:00:00,0.029418550431728363
2025-05-25 02:00:00,0.028999680653214455
2025-05-25 03:00:00,0.029408367350697517
2025-05-25 04:00:00,0.029188187792897224
2025-05-25 05:00:00,0.028912026435136795
2025-05-25 06:00:00,0.028646821156144142
2025-05-25 07:00:00,0.028945932164788246
2025-05-25 08:00:00,0.028646593913435936
2025-05-25 09:00:00,0.02884572371840477
2025-05-25 10:00:00,0.028559641912579536
2025-05-25 11:00:00,0.02834237739443779
2025-05-25 12:00:00,0.02818140760064125
2025-05-25 13:00:00,0.02873404696583748
2025-05-25 14:00:00,0.02824239619076252
2025-05-25 15:00:00,0.028387470170855522
2025-05-25 16:00:00,0.028643760830163956
2025-05-25 17:00:00,0.028682826086878777
2025-05-25 18:00:00,0.02897573821246624
2025-05-25 19:00:00,0.028825614601373672
2025-05-25 20:00:00,0.02873321622610092
2025-05-25 21:00:00,0.02868388034403324
2025-05-25 22:00:00,0.028825465589761734
2025-05-25 23:00:00,0.028885947540402412
2025-05-26 00:00:00,0.02920813113451004
2025-05-26 01:00:00,0.02893548086285591
2025-05-26 02:00:00,0.02897273376584053
2025-05-26 03:00:00,0.02916816994547844
2025-05-26 04:00:00,0.02865760587155819
2025-05-26 05:00:00,0.028746120631694794
2025-05-26 06:00:00,0.028346151113510132
2025-05-26 07:00:00,0.02811945043504238
2025-05-26 08:00:00,0.0281786248087883
2025-05-26 09:00:00,0.028426552191376686
2025-05-26 10:00:00,0.028708690777420998
2025-05-26 11:00:00,0.028767520561814308
2025-05-26 12:00:00,0.029176725074648857
2025-05-26 13:00:00,0.028866391628980637
2025-05-26 14:00:00,0.029489245265722275
2025-05-26 15:00:00,0.029151609167456627
2025-05-26 16:00:00,0.02898862399160862
2025-05-26 17:00:00,0.028940174728631973
2025-05-26 18:00:00,0.029101617634296417
2025-05-26 19:00:00,0.028977984562516212
2025-05-26 20:00:00,0.028937898576259613
2025-05-26 21:00:00,0.028768612071871758
2025-05-26 22:00:00,0.029123662039637566
2025-05-26 23:00:00,0.029038695618510246
2025-05-27 00:00:00,0.02908393181860447
2025-05-27 01:00:00,0.029077433049678802
2025-05-27 02:00:00,0.028824765235185623
2025-05-27 03:00:00,0.028889073058962822
2025-05-27 04:00:00,0.028892064467072487
2025-05-27 05:00:00,0.028954530134797096
2025-05-27 06:00:00,0.028939155861735344
2025-05-27 07:00:00,0.029048379510641098
2025-05-27 08:00:00,0.028968116268515587
2025-05-27 09:00:00,0.028935881331562996
2025-05-27 10:00:00,0.029053058475255966
2025-05-27 11:00:00,0.02950819954276085
2025-05-27 12:00:00,0.029039504006505013
2025-05-27 13:00:00,0.029050152748823166
2025-05-27 14:00:00,0.028708914294838905
2025-05-27 15:00:00,0.02855711430311203
2025-05-27 16:00:00,0.028913000598549843
2025-05-27 17:00:00,0.02899705246090889
2025-05-27 18:00:00,0.028687912970781326
2025-05-27 19:00:00,0.029290664941072464
2025-05-27 20:00:00,0.029381055384874344
2025-05-27 21:00:00,0.029225321486592293
2025-05-27 22:00:00,0.029178032651543617
2025-05-27 23:00:00,0.02878984808921814
2025-05-28 00:00:00,0.028713108971714973
2025-05-28 01:00:00,0.02881634794175625
2025-05-28 02:00:00,0.029223056510090828
2025-05-28 03:00:00,0.029149243608117104
2025-05-28 04:00:00,0.029345380142331123
2025-05-28 05:00:00,0.028980020433664322
2025-05-28 06:00:00,0.028983544558286667
2025-05-28 07:00:00,0.028864538297057152
2025-05-28 08:00:00,0.028753036633133888
2025-05-28 09:00:00,0.02848273701965809
2025-05-28 10:00:00,0.028685130178928375
2025-05-28 11:00:00,0.02868843264877796
2025-05-28 12:00:00,0.02907567285001278
2025-05-28 13:00:00,0.02894572727382183
2025-05-28 14:00:00,0.028994398191571236
2025-05-28 15:00:00,0.02881576120853424
2025-05-28 16:00:00,0.02877335250377655
2025-05-28 17:00:00,0.028691919520497322
2025-05-28 18:00:00,0.02870824933052063
2025-05-28 19:00:00,0.02902521938085556
2025-05-28 20:00:00,0.02878282591700554
2025-05-28 21:00:00,0.029025882482528687
2025-05-28 22:00:00,0.029048198834061623
2025-05-28 23:00:00,0.028865505009889603
2025-05-29 00:00:00,0.029011012986302376
2025-05-29 01:00:00,0.029012620449066162
2025-05-29 02:00:00,0.029235197231173515
2025-05-29 03:00:00,0.028720885515213013
2025-05-29 04:00:00,0.02899387665092945
2025-05-29 05:00:00,0.029054434970021248
2025-05-29 06:00:00,0.029391366988420486
2025-05-29 07:00:00,0.029067059978842735
2025-05-29 08:00:00,0.029038209468126297
2025-05-29 09:00:00,0.02898942492902279
2025-05-29 10:00:00,0.029141873121261597
2025-05-29 11:00:00,0.028967944905161858
2025-05-29 12:00:00,0.029433947056531906
2025-05-29 13:00:00,0.029507001861929893
2025-05-29 14:00:00,0.029281925410032272
2025-05-29 15:00:00,0.029041901230812073
2025-05-29 16:00:00,0.029372207820415497
2025-05-29 17:00:00,0.02965782955288887
2025-05-29 18:00:00,0.029281750321388245
2025-05-29 19:00:00,0.02947074919939041
2025-05-29 20:00:00,0.029254939407110214
2025-05-29 21:00:00,0.029353827238082886
2025-05-29 22:00:00,0.029048245400190353
2025-05-29 23:00:00,0.028611795976758003
2025-05-30 00:00:00,0.028839627280831337
2025-05-30 01:00:00,0.028775503858923912
2025-05-30 02:00:00,0.028981313109397888
2025-05-30 03:00:00,0.02891593612730503
2025-05-30 04:00:00,0.028549831360578537
2025-05-30 05:00:00,0.02847575582563877
2025-05-30 06:00:00,0.028689950704574585
2025-05-30 07:00:00,0.02884989231824875
2025-05-30 08:00:00,0.028651904314756393
2025-05-30 09:00:00,0.02875281497836113
2025-05-30 10:00:00,0.028587620705366135
2025-05-30 11:00:00,0.02867351472377777
2025-05-30 12:00:00,0.028845159336924553
2025-05-30 13:00:00,0.028635457158088684
2025-05-30 14:00:00,0.02901438996195793
2025-05-30 15:00:00,0.028892965987324715
2025-05-30 16:00:00,0.02884143590927124
2025-05-30 17:00:00,0.028561629354953766
2025-05-30 18:00:00,0.028956836089491844
2025-05-30 19:00:00,0.029199033975601196
2025-05-30 20:00:00,0.028924761340022087
2025-05-30 21:00:00,0.028439659625291824
2025-05-30 22:00:00,0.028137488290667534
2025-05-30 23:00:00,0.028115274384617805
2025-05-31 00:00:00,0.027837172150611877
2025-05-31 01:00:00,0.027936097234487534
2025-05-31 02:00:00,0.02809200808405876
2025-05-31 03:00:00,0.02798965945839882
2025-05-31 04:00:00,0.028674442321062088
2025-05-31 05:00:00,0.02874836139380932
2025-05-31 06:00:00,0.02842983417212963
2025-05-31 07:00:00,0.028383996337652206
2025-05-31 08:00:00,0.029161004349589348
2025-05-31 09:00:00,0.02932855486869812
2025-05-31 10:00:00,0.028912488371133804
2025-05-31 11:00:00,0.02886320650577545
2025-05-31 12:00:00,0.02845403179526329
2025-05-31 13:00:00,0.02871917188167572
2025-05-31 14:00:00,0.028750089928507805
2025-05-31 15:00:00,0.028612330555915833
2025-05-31 16:00:00,0.028242604807019234
2025-05-31 17:00:00,0.028267541900277138
2025-05-31 18:00:00,0.02821453846991062
2025-05-31 19:00:00,0.028148340061306953
2025-05-31 20:00:00,0.028415478765964508
2025-05-31 21:00:00,0.02845597267150879
2025-05-31 22:00:00,0.028837697580456734
2025-05-31 23:00:00,0.028349297121167183
2025-06-01 00:00:00,0.02880476787686348
2025-06-01 01:00:00,0.028153549879789352
2025-06-01 02:00:00,0.028136005625128746
2025-06-01 03:00:00,0.028390727937221527
2025-06-01 04:00:00,0.028596067801117897
2025-06-01 05:00:00,0.02860705554485321
2025-06-01 06:00:00,0.028648948296904564
2025-06-01 07:00:00,0.029040951281785965
2025-06-01 08:00:00,0.028196994215250015
2025-06-01 09:00:00,0.02848019078373909
2025-06-01 10:00:00,0.028492216020822525
2025-06-01 11:00:00,0.028781399130821228
2025-06-01 12:00:00,0.028633713722229004
2025-06-01 13:00:00,0.028674233704805374
2025-06-01 14:00:00,0.028366023674607277
2025-06-01 15:00:00,0.02826506271958351
2025-06-01 16:00:00,0.028510326519608498
2025-06-01 17:00:00,0.028774667531251907
2025-06-01 18:00:00,0.02850128896534443
2025-06-01 19:00:00,0.02845337986946106
2025-06-01 20:00:00,0.028619764372706413
2025-06-01 21:00:00,0.028769852593541145
2025-06-01 22:00:00,0.028951453045010567
2025-06-01 23:00:00,0.028926633298397064
2025-06-02 00:00:00,0.02861361764371395
2025-06-02 01:00:00,0.028540968894958496
2025-06-02 02:00:00,0.02890953980386257
2025-06-02 03:00:00,0.02891310304403305
2025-06-02 04:00:00,0.02909361757338047
2025-06-02 05:00:00,0.029151471331715584
2025-06-02 06:00:00,0.02894197404384613
2025-06-02 07:00:00,0.02894165739417076
2025-06-02 08:00:00,0.028765499591827393
2025-06-02 09:00:00,0.028882814571261406
2025-06-02 10:00:00,0.029186008498072624
2025-06-02 11:00:00,0.02897687256336212
2025-06-02 12:00:00,0.02890106663107872
2025-06-02 13:00:00,0.028849977999925613
2025-06-02 14:00:00,0.029065238311886787
2025-06-02 15:00:00,0.028779102489352226
2025-06-02 16:00:00,0.0287571232765913
2025-06-02 17:00:00,0.028971336781978607
2025-06-02 18:00:00,0.02900713123381138
2025-06-02 19:00:00,0.028737453743815422
2025-06-02 20:00:00,0.028450623154640198
2025-06-02 21:00:00,0.028607860207557678
2025-06-02 22:00:00,0.028997402638196945
2025-06-02 23:00:00,0.02900196611881256
2025-06-03 00:00:00,0.028713325038552284
2025-06-03 01:00:00,0.02862969972193241
2025-06-03 02:00:00,0.028585277497768402
2025-06-03 03:00:00,0.028594497591257095
2025-06-03 04:00:00,0.028307383880019188
2025-06-03 05:00:00,0.0287343617528677
2025-06-03 06:00:00,0.02847299538552761
2025-06-03 07:00:00,0.02867114543914795
2025-06-03 08:00:00,0.028078317642211914
2025-06-03 09:00:00,0.028145503252744675
2025-06-03 10:00:00,0.028155729174613953
2025-06-03 11:00:00,0.028501717373728752
2025-06-03 12:00:00,0.02829071693122387
2025-06-03 13:00:00,0.028518643230199814
2025-06-03 14:00:00,0.028139913454651833
2025-06-03 15:00:00,0.028384221717715263
2025-06-03 16:00:00,0.028260087594389915
2025-06-03 17:00:00,0.02869419939815998
2025-06-03 18:00:00,0.028381306678056717
2025-06-03 19:00:00,0.02844799868762493
2025-06-03 20:00:00,0.028189728036522865
2025-06-03 21:00:00,0.028062239289283752
2025-06-03 22:00:00,0.028263641521334648
2025-06-03 23:00:00,0.028371283784508705
2025-06-04 00:00:00,0.028421731665730476
2025-06-04 01:00:00,0.0281840767711401
2025-06-04 02:00:00,0.028292812407016754
2025-06-04 03:00:00,0.02828044258058071
2025-06-04 04:00:00,0.028494739904999733
2025-06-04 05:00:00,0.02828800491988659
2025-06-04 06:00:00,0.02815171144902706
2025-06-04 07:00:00,0.028272857889533043
2025-06-04 08:00:00,0.02828237973153591
2025-06-04 09:00:00,0.028197074308991432
2025-06-04 10:00:00,0.0284432265907526
2025-06-04 11:00:00,0.02799580618739128
2025-06-04 12:00:00,0.028473127633333206
2025-06-04 13:00:00,0.028341399505734444
2025-06-04 14:00:00,0.028519660234451294
2025-06-04 15:00:00,0.028524156659841537
2025-06-04 16:00:00,0.028680263087153435
2025-06-04 17:00:00,0.028848864138126373
2025-06-04 18:00:00,0.028910009190440178
2025-06-04 19:00:00,0.02916121296584606
2025-06-04 20:00:00,0.02935466542840004
2025-06-04 21:00:00,0.029083356261253357
2025-06-04 22:00:00,0.029350191354751587
2025-06-04 23:00:00,0.02940172329545021
2025-06-05 00:00:00,0.02922055684030056
2025-06-05 01:00:00,0.028940284624695778
2025-06-05 02:00:00,0.02895924635231495
2025-06-05 03:00:00,0.029088348150253296
2025-06-05 04:00:00,0.0293338093906641
2025-06-05 05:00:00,0.028901590034365654
2025-06-05 06:00:00,0.02919710986316204
